CREATE TABLE personae (
       id SERIAL PRIMARY KEY,
       firstname TEXT NOT NULL,
       lastname TEXT,
       birthdate DATE,
       account_balance MONEY
);

INSERT INTO personae VALUES (1, 'Arnold', 'Perlstein', '1988-06-02', 1700.02);
INSERT INTO personae VALUES (2, 'Carlos', 'Ramon', '1988-04-27', 0.0);
INSERT INTO personae VALUES (3, 'Dorothy', 'Hudson', '1989-01-06', -406.79);
INSERT INTO personae VALUES (4, 'Keesha', 'Franklin', '1988-03-15', 0.0);
INSERT INTO personae VALUES (5, 'Frederick', 'Flores', '1989-08-08', 122);
INSERT INTO personae VALUES (6, 'David', 'Morton', '1988-08-25', 410);
INSERT INTO personae VALUES (7, 'Nancy', 'Blackburn', '1988-03-18', -61);
INSERT INTO personae VALUES (8, 'Thomas', 'Corrie', '1989-02-09', -25);
INSERT INTO personae VALUES (9, 'Darin', 'Garoutte', '1987-12-08', 834);
INSERT INTO personae VALUES (10, 'Aaron', 'Pennell', '1989-07-26', 88);
INSERT INTO personae VALUES (11, 'Jonathan', 'Vaughn', '1989-08-05', 544);
INSERT INTO personae VALUES (12, 'Jim', 'Jiang', '1989-07-14', 242);
INSERT INTO personae VALUES (13, 'Isabell', 'Burgess', '1989-07-19', 92);
INSERT INTO personae VALUES (14, 'Benny', 'Giglio', '1989-07-03', -925);
INSERT INTO personae VALUES (15, 'Micah', 'Nyland', '1988-09-16', -486);
INSERT INTO personae VALUES (16, 'Janie', 'Cardin', '1988-05-29', -419);
INSERT INTO personae VALUES (17, 'Mary', 'Patterson', '1987-10-10', -472);
INSERT INTO personae VALUES (18, 'Nancy', 'Northover', '1989-05-13', -966);
INSERT INTO personae VALUES (19, 'Pamela', 'Adams', '1989-08-13', -219);
INSERT INTO personae VALUES (20, 'Sherry', 'Mcmillian', '1989-03-13', 601);
INSERT INTO personae VALUES (21, 'Joan', 'Bunting', '1988-06-07', -585);
INSERT INTO personae VALUES (22, 'Cheryl', 'Segarra', '1987-12-04', 611);
INSERT INTO personae VALUES (23, 'Janice', 'Melgarejo', '1988-10-26', -11);
INSERT INTO personae VALUES (24, 'Jill', 'Nguyen', '1988-12-02', 716);
INSERT INTO personae VALUES (25, 'Carol', 'Fleming', '1988-12-22', 357);
INSERT INTO personae VALUES (26, 'Norman', 'Fannin', '1988-05-06', -838);
INSERT INTO personae VALUES (27, 'Nicholas', 'Magee', '1988-05-12', 571);
INSERT INTO personae VALUES (28, 'Rufus', 'Harrison', '1989-04-28', -487);
INSERT INTO personae VALUES (29, 'Judith', 'Pistilli', '1988-10-28', 803);
INSERT INTO personae VALUES (30, 'Janet', 'Armstrong', '1987-04-03', 287);
INSERT INTO personae VALUES (31, 'Thomas', 'Chaffins', '1987-06-07', 347);
INSERT INTO personae VALUES (32, 'Brett', 'Rodriguez', '1989-01-12', -349);
INSERT INTO personae VALUES (33, 'Nathaniel', 'Coleman', '1988-08-31', -624);
INSERT INTO personae VALUES (34, 'Kate', 'Taylor', '1988-03-11', -32);
INSERT INTO personae VALUES (35, 'James', 'Goddard', '1988-11-25', 874);
INSERT INTO personae VALUES (36, 'Maria', 'Rhymes', '1988-01-25', 805);
INSERT INTO personae VALUES (37, 'Geraldine', 'Schwartz', '1987-06-22', -670);
INSERT INTO personae VALUES (38, 'Rachell', 'Whitfield', '1987-06-21', -788);
INSERT INTO personae VALUES (39, 'Dustin', 'Stewart', '1988-07-24', 271);
INSERT INTO personae VALUES (40, 'Kathleen', 'Backes', '1988-06-18', -744);
INSERT INTO personae VALUES (41, 'Wilson', 'Henderson', '1987-12-08', 294);
INSERT INTO personae VALUES (42, 'Joshua', 'Summers', '1987-11-10', -118);
INSERT INTO personae VALUES (43, 'Doris', 'Taylor', '1988-03-15', -540);
INSERT INTO personae VALUES (44, 'Heather', 'Peabody', '1987-12-23', 775);
INSERT INTO personae VALUES (45, 'Laura', 'Almy', '1988-01-07', -784);
INSERT INTO personae VALUES (46, 'Bennie', 'Thompson', '1988-09-08', 783);
INSERT INTO personae VALUES (47, 'Cedric', 'Whyte', '1987-12-13', 844);
INSERT INTO personae VALUES (48, 'Jose', 'Wilder', '1987-08-24', 677);
INSERT INTO personae VALUES (49, 'John', 'Varela', '1988-10-04', -148);
INSERT INTO personae VALUES (50, 'Mario', 'Wilson', '1989-03-26', -173);
INSERT INTO personae VALUES (51, 'Gladys', 'Dunlap', '1988-09-12', 679);
INSERT INTO personae VALUES (52, 'Candice', 'Parker', '1987-10-31', -570);
INSERT INTO personae VALUES (53, 'Barry', 'Byrd', '1988-04-03', 18);
INSERT INTO personae VALUES (54, 'Monica', 'Rodriguez', '1989-07-04', -949);
INSERT INTO personae VALUES (55, 'Todd', 'Trinka', '1988-11-18', -108);
INSERT INTO personae VALUES (56, 'Alvin', 'Griggs', '1987-05-30', -310);
INSERT INTO personae VALUES (57, 'Homer', 'Roman', '1987-11-17', 62);
INSERT INTO personae VALUES (58, 'Gail', 'Barber', '1988-12-21', 342);
INSERT INTO personae VALUES (59, 'Sarah', 'Lawson', '1989-07-28', -675);
INSERT INTO personae VALUES (60, 'Laura', 'Edwards', '1989-02-05', -497);
INSERT INTO personae VALUES (61, 'Justin', 'Smith', '1988-03-16', -949);
INSERT INTO personae VALUES (62, 'Teri', 'Crowley', '1988-10-26', 332);
INSERT INTO personae VALUES (63, 'James', 'Sosa', '1989-02-27', 88);
INSERT INTO personae VALUES (64, 'Patricia', 'Innis', '1989-08-19', 262);
INSERT INTO personae VALUES (65, 'James', 'Tolle', '1987-01-23', 194);
INSERT INTO personae VALUES (66, 'Janice', 'Hall', '1987-06-15', -444);
INSERT INTO personae VALUES (67, 'Katherine', 'Vanauken', '1988-04-01', 594);
INSERT INTO personae VALUES (68, 'Ivan', 'Flores', '1988-06-03', -934);
INSERT INTO personae VALUES (69, 'Ana', 'Steinberg', '1987-02-20', 654);
INSERT INTO personae VALUES (70, 'Rita', 'Cruz', '1987-12-09', 269);
INSERT INTO personae VALUES (71, 'Stacy', 'Hibbs', '1988-07-19', 427);
INSERT INTO personae VALUES (72, 'Christine', 'Montez', '1988-07-09', 901);
INSERT INTO personae VALUES (73, 'Erik', 'Roe', '1988-01-03', -445);
INSERT INTO personae VALUES (74, 'Sheena', 'Morgan', '1988-01-22', -496);
INSERT INTO personae VALUES (75, 'Otto', 'Massey', '1989-05-13', -658);
INSERT INTO personae VALUES (76, 'Dixie', 'Hamilton', '1987-06-16', 934);
INSERT INTO personae VALUES (77, 'Bridgett', 'Mason', '1987-02-05', 479);
INSERT INTO personae VALUES (78, 'Wayne', 'Favreau', '1987-06-03', -880);
INSERT INTO personae VALUES (79, 'Joseph', 'Johnson', '1987-08-21', -127);
INSERT INTO personae VALUES (80, 'Benjamin', 'Schmidt', '1988-07-21', 224);
INSERT INTO personae VALUES (81, 'Loraine', 'Mcconnell', '1988-01-24', -318);
INSERT INTO personae VALUES (82, 'Elizabeth', 'Emanuele', '1987-12-19', 821);
INSERT INTO personae VALUES (83, 'Connie', 'Williams', '1989-06-26', 339);
INSERT INTO personae VALUES (84, 'Robert', 'Chester', '1988-06-19', 728);
INSERT INTO personae VALUES (85, 'Willie', 'Dean', '1987-03-26', -488);
INSERT INTO personae VALUES (86, 'Antonio', 'Coulter', '1987-06-10', -966);
INSERT INTO personae VALUES (87, 'Myrtle', 'Harris', '1988-11-25', -529);
INSERT INTO personae VALUES (88, 'Charles', 'Schroeder', '1988-03-19', -155);
INSERT INTO personae VALUES (89, 'Robert', 'Harbin', '1989-02-16', -75);
INSERT INTO personae VALUES (90, 'Judy', 'Gleim', '1987-03-24', 341);
INSERT INTO personae VALUES (91, 'Aaron', 'Karaffa', '1987-06-05', -546);
INSERT INTO personae VALUES (92, 'Barbara', 'Sousa', '1987-04-18', 860);
INSERT INTO personae VALUES (93, 'Christy', 'White', '1988-09-05', 160);
INSERT INTO personae VALUES (94, 'Rosemary', 'Mcqueen', '1989-02-16', 338);
INSERT INTO personae VALUES (95, 'Edward', 'Washington', '1989-06-25', 194);
INSERT INTO personae VALUES (96, 'Kerry', 'Martin', '1988-12-01', 766);
INSERT INTO personae VALUES (97, 'Raul', 'Hundley', '1989-03-18', 482);
INSERT INTO personae VALUES (98, 'Carolyn', 'Hockenberry', '1988-05-06', 424);
INSERT INTO personae VALUES (99, 'Cheryl', 'Helms', '1988-01-02', 516);
INSERT INTO personae VALUES (100, 'Michael', 'Wilson', '1987-06-28', 518);
INSERT INTO personae VALUES (101, 'Leona', 'Helmsley', '1920-07-04', -1000000);

-- events persona IDs start at 1149
UPDATE personae SET id = id + 1148;

CREATE TABLE elements (
       id SERIAL PRIMARY KEY,
       content TEXT,
       points_max INTEGER CHECK (points_max >= 0),
       module INTEGER, -- references a modules table, if we had one
       hint TEXT,
       max_tries INTEGER CHECK (max_tries > 0)
);

INSERT INTO elements VALUES (29300, 'Lorem ipsum', 4, 34, 'dolor sit amet', 1);
INSERT INTO elements VALUES (29301, 'Lorem ipsum', 3, 37, 'dolor sit amet', 4);
INSERT INTO elements VALUES (29302, 'Lorem ipsum', 8, 36, 'dolor sit amet', 2);
INSERT INTO elements VALUES (29303, 'Lorem ipsum', 0, 71, 'dolor sit amet', 3);
INSERT INTO elements VALUES (29304, 'Lorem ipsum', 9, 24, 'dolor sit amet', 4);
INSERT INTO elements VALUES (29305, 'Lorem ipsum', 9, 8, 'dolor sit amet', 2);
INSERT INTO elements VALUES (29306, 'Lorem ipsum', 4, 76, 'dolor sit amet', 2);
INSERT INTO elements VALUES (29307, 'Lorem ipsum', 1, 21, 'dolor sit amet', 3);
INSERT INTO elements VALUES (29308, 'Lorem ipsum', 1, 94, 'dolor sit amet', 2);
INSERT INTO elements VALUES (29309, 'Lorem ipsum', 1, 29, 'dolor sit amet', 2);
INSERT INTO elements VALUES (29310, 'Lorem ipsum', 4, 83, 'dolor sit amet', 1);
INSERT INTO elements VALUES (29311, 'Lorem ipsum', 1, 14, 'dolor sit amet', 2);
INSERT INTO elements VALUES (29312, 'Lorem ipsum', 1, 42, 'dolor sit amet', 2);
INSERT INTO elements VALUES (29313, 'Lorem ipsum', 7, 7, 'dolor sit amet', 1);
INSERT INTO elements VALUES (29314, 'Lorem ipsum', 2, 4, 'dolor sit amet', 1);
INSERT INTO elements VALUES (29315, 'Lorem ipsum', 5, 34, 'dolor sit amet', 4);
INSERT INTO elements VALUES (29316, 'Lorem ipsum', 1, 46, 'dolor sit amet', 3);
INSERT INTO elements VALUES (29317, 'Lorem ipsum', 1, 62, 'dolor sit amet', 1);
INSERT INTO elements VALUES (29318, 'Lorem ipsum', 5, 15, 'dolor sit amet', 3);
INSERT INTO elements VALUES (29319, 'Lorem ipsum', 6, 79, 'dolor sit amet', 3);
INSERT INTO elements VALUES (29320, 'Lorem ipsum', 6, 48, 'dolor sit amet', 1);
INSERT INTO elements VALUES (29321, 'Lorem ipsum', 7, 56, 'dolor sit amet', 3);
INSERT INTO elements VALUES (29322, 'Lorem ipsum', 7, 23, 'dolor sit amet', 1);
INSERT INTO elements VALUES (29323, 'Lorem ipsum', 3, 69, 'dolor sit amet', 3);
INSERT INTO elements VALUES (29324, 'Lorem ipsum', 8, 31, 'dolor sit amet', 1);
INSERT INTO elements VALUES (29325, 'Lorem ipsum', 9, 50, 'dolor sit amet', 2);
INSERT INTO elements VALUES (29326, 'Lorem ipsum', 8, 0, 'dolor sit amet', 3);
INSERT INTO elements VALUES (29327, 'Lorem ipsum', 6, 22, 'dolor sit amet', 1);
INSERT INTO elements VALUES (29328, 'Lorem ipsum', 3, 32, 'dolor sit amet', 3);
INSERT INTO elements VALUES (29329, 'Lorem ipsum', 7, 43, 'dolor sit amet', 2);
INSERT INTO elements VALUES (29330, 'Lorem ipsum', 2, 78, 'dolor sit amet', 4);
INSERT INTO elements VALUES (29331, 'Lorem ipsum', 0, 87, 'dolor sit amet', 3);
INSERT INTO elements VALUES (29332, 'Lorem ipsum', 2, 99, 'dolor sit amet', 2);
INSERT INTO elements VALUES (29333, 'Lorem ipsum', 0, 36, 'dolor sit amet', 4);
INSERT INTO elements VALUES (29334, 'Lorem ipsum', 9, 83, 'dolor sit amet', 3);
INSERT INTO elements VALUES (29335, 'Lorem ipsum', 9, 41, 'dolor sit amet', 4);
INSERT INTO elements VALUES (29336, 'Lorem ipsum', 4, 54, 'dolor sit amet', 4);
INSERT INTO elements VALUES (29337, 'Lorem ipsum', 5, 17, 'dolor sit amet', 1);
INSERT INTO elements VALUES (29338, 'Lorem ipsum', 3, 41, 'dolor sit amet', 2);
INSERT INTO elements VALUES (29339, 'Lorem ipsum', 1, 93, 'dolor sit amet', 1);
INSERT INTO elements VALUES (29340, 'Lorem ipsum', 2, 36, 'dolor sit amet', 1);
INSERT INTO elements VALUES (29341, 'Lorem ipsum', 6, 49, 'dolor sit amet', 1);
INSERT INTO elements VALUES (29342, 'Lorem ipsum', 4, 97, 'dolor sit amet', 3);
INSERT INTO elements VALUES (29343, 'Lorem ipsum', 5, 11, 'dolor sit amet', 1);
INSERT INTO elements VALUES (29344, 'Lorem ipsum', 0, 85, 'dolor sit amet', 2);
INSERT INTO elements VALUES (29345, 'Lorem ipsum', 0, 54, 'dolor sit amet', 3);
INSERT INTO elements VALUES (29346, 'Lorem ipsum', 8, 69, 'dolor sit amet', 3);
INSERT INTO elements VALUES (29347, 'Lorem ipsum', 1, 88, 'dolor sit amet', 1);
INSERT INTO elements VALUES (29348, 'Lorem ipsum', 8, 91, 'dolor sit amet', 3);
INSERT INTO elements VALUES (29349, 'Lorem ipsum', 9, 34, 'dolor sit amet', 1);
INSERT INTO elements VALUES (29350, 'Lorem ipsum', 0, 73, 'dolor sit amet', 1);
INSERT INTO elements VALUES (29351, 'Lorem ipsum', 0, 93, 'dolor sit amet', 2);
INSERT INTO elements VALUES (29352, 'Lorem ipsum', 9, 14, 'dolor sit amet', 3);
INSERT INTO elements VALUES (29353, 'Lorem ipsum', 0, 0, 'dolor sit amet', 4);
INSERT INTO elements VALUES (29354, 'Lorem ipsum', 6, 36, 'dolor sit amet', 3);
INSERT INTO elements VALUES (29355, 'Lorem ipsum', 4, 75, 'dolor sit amet', 2);
INSERT INTO elements VALUES (29356, 'Lorem ipsum', 5, 12, 'dolor sit amet', 2);
INSERT INTO elements VALUES (29357, 'Lorem ipsum', 7, 97, 'dolor sit amet', 4);
INSERT INTO elements VALUES (29358, 'Lorem ipsum', 4, 96, 'dolor sit amet', 1);
INSERT INTO elements VALUES (29359, 'Lorem ipsum', 9, 38, 'dolor sit amet', 2);
INSERT INTO elements VALUES (29360, 'Lorem ipsum', 2, 70, 'dolor sit amet', 3);
INSERT INTO elements VALUES (29361, 'Lorem ipsum', 2, 19, 'dolor sit amet', 3);
INSERT INTO elements VALUES (29362, 'Lorem ipsum', 1, 74, 'dolor sit amet', 3);
INSERT INTO elements VALUES (29363, 'Lorem ipsum', 6, 19, 'dolor sit amet', 3);
INSERT INTO elements VALUES (29364, 'Lorem ipsum', 1, 5, 'dolor sit amet', 4);
INSERT INTO elements VALUES (29365, 'Lorem ipsum', 2, 88, 'dolor sit amet', 3);
INSERT INTO elements VALUES (29366, 'Lorem ipsum', 4, 53, 'dolor sit amet', 2);
INSERT INTO elements VALUES (29367, 'Lorem ipsum', 8, 4, 'dolor sit amet', 1);
INSERT INTO elements VALUES (29368, 'Lorem ipsum', 8, 89, 'dolor sit amet', 3);
INSERT INTO elements VALUES (29369, 'Lorem ipsum', 6, 24, 'dolor sit amet', 4);
INSERT INTO elements VALUES (29370, 'Lorem ipsum', 2, 75, 'dolor sit amet', 2);
INSERT INTO elements VALUES (29371, 'Lorem ipsum', 3, 38, 'dolor sit amet', 3);
INSERT INTO elements VALUES (29372, 'Lorem ipsum', 7, 84, 'dolor sit amet', 1);
INSERT INTO elements VALUES (29373, 'Lorem ipsum', 4, 10, 'dolor sit amet', 4);
INSERT INTO elements VALUES (29374, 'Lorem ipsum', 5, 72, 'dolor sit amet', 3);
INSERT INTO elements VALUES (29375, 'Lorem ipsum', 3, 71, 'dolor sit amet', 3);
INSERT INTO elements VALUES (29376, 'Lorem ipsum', 9, 18, 'dolor sit amet', 3);
INSERT INTO elements VALUES (29377, 'Lorem ipsum', 0, 58, 'dolor sit amet', 1);
INSERT INTO elements VALUES (29378, 'Lorem ipsum', 7, 38, 'dolor sit amet', 4);
INSERT INTO elements VALUES (29379, 'Lorem ipsum', 1, 11, 'dolor sit amet', 1);
INSERT INTO elements VALUES (29380, 'Lorem ipsum', 0, 32, 'dolor sit amet', 4);
INSERT INTO elements VALUES (29381, 'Lorem ipsum', 7, 72, 'dolor sit amet', 1);
INSERT INTO elements VALUES (29382, 'Lorem ipsum', 8, 93, 'dolor sit amet', 1);
INSERT INTO elements VALUES (29383, 'Lorem ipsum', 1, 94, 'dolor sit amet', 4);
INSERT INTO elements VALUES (29384, 'Lorem ipsum', 4, 6, 'dolor sit amet', 2);
INSERT INTO elements VALUES (29385, 'Lorem ipsum', 3, 51, 'dolor sit amet', 4);
INSERT INTO elements VALUES (29386, 'Lorem ipsum', 8, 8, 'dolor sit amet', 2);
INSERT INTO elements VALUES (29387, 'Lorem ipsum', 5, 84, 'dolor sit amet', 4);
INSERT INTO elements VALUES (29388, 'Lorem ipsum', 6, 51, 'dolor sit amet', 1);
INSERT INTO elements VALUES (29389, 'Lorem ipsum', 9, 2, 'dolor sit amet', 3);
INSERT INTO elements VALUES (29390, 'Lorem ipsum', 6, 68, 'dolor sit amet', 4);
INSERT INTO elements VALUES (29391, 'Lorem ipsum', 3, 35, 'dolor sit amet', 2);
INSERT INTO elements VALUES (29392, 'Lorem ipsum', 3, 66, 'dolor sit amet', 1);
INSERT INTO elements VALUES (29393, 'Lorem ipsum', 0, 67, 'dolor sit amet', 1);
INSERT INTO elements VALUES (29394, 'Lorem ipsum', 8, 68, 'dolor sit amet', 2);
INSERT INTO elements VALUES (29395, 'Lorem ipsum', 8, 71, 'dolor sit amet', 4);
INSERT INTO elements VALUES (29396, 'Lorem ipsum', 2, 58, 'dolor sit amet', 4);
INSERT INTO elements VALUES (29397, 'Lorem ipsum', 9, 6, 'dolor sit amet', 1);
INSERT INTO elements VALUES (29398, 'Lorem ipsum', 3, 49, 'dolor sit amet', 1);
INSERT INTO elements VALUES (29399, 'Lorem ipsum', 5, 81, 'dolor sit amet', 4);
INSERT INTO elements VALUES (29400, 'Lorem ipsum', 8, 13, 'dolor sit amet', 3);
INSERT INTO elements VALUES (29401, 'Lorem ipsum', 4, 57, 'dolor sit amet', 3);
INSERT INTO elements VALUES (29402, 'Lorem ipsum', 9, 70, 'dolor sit amet', 1);
INSERT INTO elements VALUES (29403, 'Lorem ipsum', 7, 9, 'dolor sit amet', 3);
INSERT INTO elements VALUES (29404, 'Lorem ipsum', 9, 2, 'dolor sit amet', 4);
INSERT INTO elements VALUES (29405, 'Lorem ipsum', 6, 74, 'dolor sit amet', 2);
INSERT INTO elements VALUES (29406, 'Lorem ipsum', 1, 11, 'dolor sit amet', 2);
INSERT INTO elements VALUES (29407, 'Lorem ipsum', 0, 41, 'dolor sit amet', 2);
INSERT INTO elements VALUES (29408, 'Lorem ipsum', 2, 21, 'dolor sit amet', 2);
INSERT INTO elements VALUES (29409, 'Lorem ipsum', 4, 22, 'dolor sit amet', 1);
INSERT INTO elements VALUES (29410, 'Lorem ipsum', 7, 31, 'dolor sit amet', 1);
INSERT INTO elements VALUES (29411, 'Lorem ipsum', 3, 31, 'dolor sit amet', 4);
INSERT INTO elements VALUES (29412, 'Lorem ipsum', 8, 89, 'dolor sit amet', 2);
INSERT INTO elements VALUES (29413, 'Lorem ipsum', 9, 99, 'dolor sit amet', 2);
INSERT INTO elements VALUES (29414, 'Lorem ipsum', 0, 24, 'dolor sit amet', 3);
INSERT INTO elements VALUES (29415, 'Lorem ipsum', 1, 24, 'dolor sit amet', 1);
INSERT INTO elements VALUES (29416, 'Lorem ipsum', 3, 61, 'dolor sit amet', 1);
INSERT INTO elements VALUES (29417, 'Lorem ipsum', 3, 20, 'dolor sit amet', 1);
INSERT INTO elements VALUES (29418, 'Lorem ipsum', 7, 65, 'dolor sit amet', 4);
INSERT INTO elements VALUES (29419, 'Lorem ipsum', 1, 73, 'dolor sit amet', 4);
INSERT INTO elements VALUES (29420, 'Lorem ipsum', 4, 11, 'dolor sit amet', 1);
INSERT INTO elements VALUES (29421, 'Lorem ipsum', 0, 4, 'dolor sit amet', 3);
INSERT INTO elements VALUES (29422, 'Lorem ipsum', 4, 15, 'dolor sit amet', 4);
INSERT INTO elements VALUES (29423, 'Lorem ipsum', 4, 57, 'dolor sit amet', 4);
INSERT INTO elements VALUES (29424, 'Lorem ipsum', 9, 67, 'dolor sit amet', 1);
INSERT INTO elements VALUES (29425, 'Lorem ipsum', 5, 49, 'dolor sit amet', 3);
INSERT INTO elements VALUES (29426, 'Lorem ipsum', 4, 72, 'dolor sit amet', 2);
INSERT INTO elements VALUES (29427, 'Lorem ipsum', 0, 17, 'dolor sit amet', 1);
INSERT INTO elements VALUES (29428, 'Lorem ipsum', 2, 22, 'dolor sit amet', 2);
INSERT INTO elements VALUES (29429, 'Lorem ipsum', 4, 73, 'dolor sit amet', 2);
INSERT INTO elements VALUES (29430, 'Lorem ipsum', 1, 84, 'dolor sit amet', 3);
INSERT INTO elements VALUES (29431, 'Lorem ipsum', 6, 0, 'dolor sit amet', 3);
INSERT INTO elements VALUES (29432, 'Lorem ipsum', 4, 47, 'dolor sit amet', 4);
INSERT INTO elements VALUES (29433, 'Lorem ipsum', 8, 2, 'dolor sit amet', 3);
INSERT INTO elements VALUES (29434, 'Lorem ipsum', 5, 61, 'dolor sit amet', 3);
INSERT INTO elements VALUES (29435, 'Lorem ipsum', 0, 26, 'dolor sit amet', 1);
INSERT INTO elements VALUES (29436, 'Lorem ipsum', 9, 88, 'dolor sit amet', 3);
INSERT INTO elements VALUES (29437, 'Lorem ipsum', 0, 58, 'dolor sit amet', 4);
INSERT INTO elements VALUES (29438, 'Lorem ipsum', 5, 97, 'dolor sit amet', 3);
INSERT INTO elements VALUES (29439, 'Lorem ipsum', 3, 31, 'dolor sit amet', 2);
INSERT INTO elements VALUES (29440, 'Lorem ipsum', 7, 24, 'dolor sit amet', 2);
INSERT INTO elements VALUES (29441, 'Lorem ipsum', 2, 50, 'dolor sit amet', 2);
INSERT INTO elements VALUES (29442, 'Lorem ipsum', 3, 11, 'dolor sit amet', 1);
INSERT INTO elements VALUES (29443, 'Lorem ipsum', 7, 6, 'dolor sit amet', 3);
INSERT INTO elements VALUES (29444, 'Lorem ipsum', 4, 37, 'dolor sit amet', 4);
INSERT INTO elements VALUES (29445, 'Lorem ipsum', 8, 12, 'dolor sit amet', 3);
INSERT INTO elements VALUES (29446, 'Lorem ipsum', 6, 7, 'dolor sit amet', 4);
INSERT INTO elements VALUES (29447, 'Lorem ipsum', 1, 36, 'dolor sit amet', 3);
INSERT INTO elements VALUES (29448, 'Lorem ipsum', 9, 72, 'dolor sit amet', 3);
INSERT INTO elements VALUES (29449, 'Lorem ipsum', 1, 84, 'dolor sit amet', 1);


CREATE TABLE public.events (
    id SERIAL PRIMARY KEY,
    moment TIMESTAMP WITHOUT TIME ZONE DEFAULT now(),
    persona INTEGER REFERENCES personae (id),
    element INTEGER NOT NULL,
    score INTEGER DEFAULT 0 NOT NULL,
    hints INTEGER DEFAULT 0 NOT NULL,
    latency REAL,
    answer TEXT,
    feedback TEXT,
    CONSTRAINT events_hints_check CHECK (hints >= 0),
    CONSTRAINT events_score_check CHECK ((score >= 0) AND (score <= 1000))
);


INSERT INTO public.events VALUES (1, '2015-02-08 06:08:19.023914', 1202, 29407, 376, 2, 418.600006, 'A', 'Almost there...');
INSERT INTO public.events VALUES (2, '2015-01-31 15:57:44.714527', 1168, 29391, 887, 1, 442.899994, 'D', '');
INSERT INTO public.events VALUES (3, '2015-03-02 17:56:15.731277', 1189, 29410, 459, 2, 458.600006, 'E', 'What were you thinking?');
INSERT INTO public.events VALUES (4, '2015-02-10 04:36:50.351372', 1193, 29429, 914, 3, 407.299988, 'D', 'What were you thinking?');
INSERT INTO public.events VALUES (5, '2015-01-23 07:36:21.692505', 1192, 29364, 82, 2, 496.600006, 'B', '');
INSERT INTO public.events VALUES (6, '2015-02-25 04:10:03.322792', 1210, 29357, 191, 3, 506.899994, 'D', 'Good work');
INSERT INTO public.events VALUES (7, '2015-02-14 10:04:45.21452', 1162, 29420, 849, 1, 556, 'E', 'What were you thinking?');
INSERT INTO public.events VALUES (8, '2015-01-31 08:27:51.924305', 1212, 29371, 836, 1, 564.700012, 'A', 'Good work');
INSERT INTO public.events VALUES (9, '2015-02-04 12:13:21.023483', 1187, 29379, 123, 1, 448.399994, 'B', '');
INSERT INTO public.events VALUES (10, '2015-02-06 11:13:57.207127', 1180, 29415, 411, 2, 405.299988, 'D', 'Who ya gonna call?');
INSERT INTO public.events VALUES (11, '2015-03-25 11:12:55.290585', 1241, 29412, 63, 1, 525.599976, 'C', 'Who ya gonna call?');
INSERT INTO public.events VALUES (12, '2015-03-06 11:55:25.404453', 1197, 29422, 483, 1, 556.599976, 'A', 'What were you thinking?');
INSERT INTO public.events VALUES (13, '2015-02-13 01:45:13.781834', 1195, 29392, 601, 1, 503, 'C', 'Almost there...');
INSERT INTO public.events VALUES (14, '2015-02-23 09:33:15.771217', 1200, 29435, 848, 2, 441.700012, 'E', '');
INSERT INTO public.events VALUES (15, '2015-02-02 00:58:51.281376', 1236, 29402, 923, 1, 385.399994, 'A', 'Who ya gonna call?');
INSERT INTO public.events VALUES (16, '2015-01-24 00:41:27.107277', 1174, 29431, 744, 1, 395, 'B', '');
INSERT INTO public.events VALUES (17, '2015-02-20 00:16:39.547291', 1247, 29395, 288, 2, 556.799988, 'B', 'Good work');
INSERT INTO public.events VALUES (18, '2015-01-31 18:50:57.331181', 1230, 29378, 645, 2, 511.899994, 'B', '');
INSERT INTO public.events VALUES (19, '2015-02-06 12:34:02.361832', 1240, 29362, 220, 3, 541, 'A', '');
INSERT INTO public.events VALUES (20, '2015-02-23 15:49:41.520367', 1241, 29406, 110, 3, 571.400024, 'E', '');
INSERT INTO public.events VALUES (21, '2015-01-29 14:48:57.837696', 1236, 29365, 47, 2, 484.799988, 'C', 'Good work');
INSERT INTO public.events VALUES (22, '2015-01-28 16:08:37.678356', 1155, 29392, 632, 2, 577.099976, 'A', '');
INSERT INTO public.events VALUES (23, '2015-02-22 20:50:25.776386', 1199, 29417, 824, 1, 421.700012, 'D', '');
INSERT INTO public.events VALUES (24, '2015-02-20 19:33:50.954075', 1187, 29357, 609, 2, 556.5, 'B', '');
INSERT INTO public.events VALUES (25, '2015-02-16 08:15:32.177925', 1160, 29418, 44, 1, 512.299988, 'E', '');
INSERT INTO public.events VALUES (26, '2015-03-25 22:10:35.84404', 1182, 29394, 165, 2, 411.799988, 'E', 'Who ya gonna call?');
INSERT INTO public.events VALUES (27, '2015-03-05 22:55:54.319096', 1196, 29367, 157, 1, 496.700012, 'D', '');
INSERT INTO public.events VALUES (28, '2015-01-29 23:23:12.772007', 1209, 29354, 894, 2, 427.100006, 'E', '');
INSERT INTO public.events VALUES (29, '2015-01-27 10:00:23.327065', 1237, 29401, 179, 2, 425.399994, 'B', 'Good work');
INSERT INTO public.events VALUES (30, '2015-01-24 18:24:27.21983', 1237, 29376, 826, 3, 491.5, 'D', '');
INSERT INTO public.events VALUES (31, '2015-02-21 01:37:45.997982', 1239, 29425, 981, 1, 434.299988, 'C', 'Good work');
INSERT INTO public.events VALUES (32, '2015-01-29 19:55:03.899574', 1222, 29413, 323, 3, 552.5, 'B', 'Almost there...');
INSERT INTO public.events VALUES (33, '2015-03-19 20:16:57.147732', 1150, 29388, 948, 3, 558.799988, 'B', '');
INSERT INTO public.events VALUES (34, '2015-02-01 14:18:44.557972', 1247, 29415, 760, 1, 435.799988, 'B', 'Who ya gonna call?');
INSERT INTO public.events VALUES (35, '2015-03-24 23:43:25.322742', 1169, 29361, 279, 1, 399.700012, 'A', '');
INSERT INTO public.events VALUES (36, '2015-03-15 08:13:34.982986', 1198, 29435, 682, 2, 396.399994, 'D', 'Good work');
INSERT INTO public.events VALUES (37, '2015-03-22 20:32:26.928406', 1208, 29419, 659, 3, 523.700012, 'A', 'Who ya gonna call?');
INSERT INTO public.events VALUES (38, '2015-02-23 05:14:28.119049', 1228, 29411, 942, 3, 508.799988, 'A', 'Who ya gonna call?');
INSERT INTO public.events VALUES (39, '2015-03-15 08:07:20.499401', 1239, 29402, 573, 2, 540.099976, 'E', 'Good work');
INSERT INTO public.events VALUES (40, '2015-03-16 08:28:22.372742', 1211, 29435, 973, 3, 387.399994, 'B', 'Good work');
INSERT INTO public.events VALUES (41, '2015-01-25 10:12:25.937347', 1220, 29393, 34, 2, 581.900024, 'D', 'What were you thinking?');
INSERT INTO public.events VALUES (42, '2015-01-28 06:07:05.906467', 1182, 29400, 892, 3, 483.799988, 'B', '');
INSERT INTO public.events VALUES (43, '2015-02-28 22:04:25.292358', 1197, 29374, 300, 2, 392.700012, 'B', 'What were you thinking?');
INSERT INTO public.events VALUES (44, '2015-03-22 06:00:43.162537', 1173, 29432, 532, 3, 507.200012, 'A', '');
INSERT INTO public.events VALUES (45, '2015-02-11 02:18:00.794621', 1213, 29370, 292, 2, 414.399994, 'A', '');
INSERT INTO public.events VALUES (46, '2015-02-10 22:22:39.443092', 1215, 29425, 817, 3, 438.5, 'C', 'Almost there...');
INSERT INTO public.events VALUES (47, '2015-03-14 17:31:36.64793', 1227, 29401, 384, 3, 502.600006, 'C', 'Good work');
INSERT INTO public.events VALUES (48, '2015-03-19 14:47:27.34726', 1175, 29355, 175, 2, 486, 'C', '');
INSERT INTO public.events VALUES (49, '2015-02-05 02:32:59.5578', 1197, 29414, 163, 1, 497.100006, 'E', '');
INSERT INTO public.events VALUES (50, '2015-03-12 23:48:37.289829', 1181, 29367, 19, 2, 548.5, 'D', '');
INSERT INTO public.events VALUES (51, '2015-02-02 01:22:03.110962', 1241, 29391, 37, 3, 420.399994, 'B', '');
INSERT INTO public.events VALUES (52, '2015-02-10 22:50:35.407448', 1203, 29434, 908, 3, 514.400024, 'B', 'Almost there...');
INSERT INTO public.events VALUES (53, '2015-02-23 04:04:43.388901', 1229, 29429, 576, 3, 481.399994, 'D', '');
INSERT INTO public.events VALUES (54, '2015-01-27 14:26:35.415688', 1168, 29434, 832, 2, 582.700012, 'E', '');
INSERT INTO public.events VALUES (55, '2015-02-16 12:43:01.676388', 1162, 29376, 599, 1, 572.099976, 'D', 'Who ya gonna call?');
INSERT INTO public.events VALUES (56, '2015-02-18 02:14:29.594479', 1181, 29424, 901, 2, 505.600006, 'D', '');
INSERT INTO public.events VALUES (57, '2015-01-27 11:22:55.393867', 1215, 29362, 49, 2, 400.299988, 'E', '');
INSERT INTO public.events VALUES (58, '2015-03-08 00:11:40.709724', 1155, 29427, 616, 2, 558.299988, 'B', 'Good work');
INSERT INTO public.events VALUES (59, '2015-01-28 16:44:41.894016', 1221, 29354, 72, 2, 469.799988, 'C', '');
INSERT INTO public.events VALUES (60, '2015-01-26 07:15:31.831169', 1244, 29398, 381, 2, 527.799988, 'A', '');
INSERT INTO public.events VALUES (61, '2015-02-11 15:58:08.838959', 1245, 29352, 181, 3, 463.799988, 'E', 'Good work');
INSERT INTO public.events VALUES (62, '2015-03-13 15:22:17.165737', 1243, 29354, 937, 3, 511.200012, 'A', '');
INSERT INTO public.events VALUES (63, '2015-01-23 07:17:59.492569', 1218, 29410, 902, 1, 454.200012, 'B', 'Almost there...');
INSERT INTO public.events VALUES (64, '2015-03-12 15:50:10.341454', 1190, 29355, 837, 2, 511.299988, 'B', '');
INSERT INTO public.events VALUES (65, '2015-02-08 04:10:26.324558', 1203, 29400, 826, 3, 411.799988, 'C', 'Good work');
INSERT INTO public.events VALUES (66, '2015-02-25 23:59:55.616627', 1173, 29358, 580, 2, 579.400024, 'C', 'What were you thinking?');
INSERT INTO public.events VALUES (67, '2015-03-25 19:21:46.45895', 1169, 29430, 38, 1, 569.200012, 'A', '');
INSERT INTO public.events VALUES (68, '2015-03-06 06:36:04.44397', 1165, 29403, 375, 1, 570.900024, 'D', 'Who ya gonna call?');
INSERT INTO public.events VALUES (69, '2015-03-09 13:06:48.85191', 1232, 29379, 798, 3, 549.799988, 'C', 'Almost there...');
INSERT INTO public.events VALUES (70, '2015-02-18 21:50:19.456673', 1242, 29381, 17, 3, 443.700012, 'E', 'Almost there...');
INSERT INTO public.events VALUES (71, '2015-02-01 02:26:19.518127', 1179, 29396, 258, 3, 577, 'E', '');
INSERT INTO public.events VALUES (72, '2015-02-06 04:00:15.898418', 1234, 29364, 157, 3, 448.100006, 'A', 'Good work');
INSERT INTO public.events VALUES (73, '2015-01-27 09:25:46.056175', 1205, 29391, 699, 3, 492.899994, 'A', 'Almost there...');
INSERT INTO public.events VALUES (74, '2015-03-03 16:43:10.334988', 1215, 29382, 974, 2, 393.700012, 'B', 'Almost there...');
INSERT INTO public.events VALUES (75, '2015-03-14 12:44:44.688663', 1237, 29435, 171, 3, 532.299988, 'B', '');
INSERT INTO public.events VALUES (76, '2015-02-21 04:51:04.689445', 1154, 29352, 6, 1, 568.599976, 'A', 'Who ya gonna call?');
INSERT INTO public.events VALUES (77, '2015-03-25 05:44:46.484241', 1203, 29417, 139, 3, 518.700012, 'E', 'Good work');
INSERT INTO public.events VALUES (78, '2015-02-20 13:07:27.401047', 1227, 29369, 936, 2, 419.5, 'E', '');
INSERT INTO public.events VALUES (79, '2015-02-21 20:19:06.074009', 1160, 29422, 853, 1, 443.5, 'C', '');
INSERT INTO public.events VALUES (80, '2015-03-20 19:29:43.105087', 1237, 29365, 878, 1, 402.5, 'E', '');
INSERT INTO public.events VALUES (81, '2015-03-02 19:10:54.416943', 1201, 29362, 657, 2, 477.399994, 'C', '');
INSERT INTO public.events VALUES (82, '2015-02-28 05:05:09.477139', 1198, 29350, 353, 2, 527.700012, 'E', 'Almost there...');
INSERT INTO public.events VALUES (83, '2015-01-23 20:13:33.685226', 1158, 29392, 260, 1, 580.599976, 'A', 'Who ya gonna call?');
INSERT INTO public.events VALUES (84, '2015-02-19 03:00:50.01955', 1199, 29357, 271, 2, 420.299988, 'B', 'Almost there...');
INSERT INTO public.events VALUES (85, '2015-02-27 11:46:35.905495', 1174, 29354, 749, 1, 409, 'E', 'What were you thinking?');
INSERT INTO public.events VALUES (86, '2015-03-17 00:29:27.465878', 1223, 29405, 988, 2, 419.5, 'E', 'What were you thinking?');
INSERT INTO public.events VALUES (87, '2015-02-20 05:42:30.325012', 1247, 29408, 464, 2, 445.799988, 'A', 'Who ya gonna call?');
INSERT INTO public.events VALUES (88, '2015-02-02 19:42:54.313831', 1184, 29384, 679, 2, 469.5, 'D', 'What were you thinking?');
INSERT INTO public.events VALUES (89, '2015-03-05 11:17:28.281097', 1154, 29430, 752, 1, 441.399994, 'B', 'Who ya gonna call?');
INSERT INTO public.events VALUES (90, '2015-03-22 20:21:28.248253', 1237, 29396, 996, 2, 518.400024, 'C', 'Good work');
INSERT INTO public.events VALUES (91, '2015-01-29 20:05:14.853573', 1196, 29385, 764, 2, 549, 'E', 'What were you thinking?');
INSERT INTO public.events VALUES (92, '2015-03-23 09:02:54.457741', 1240, 29419, 610, 2, 411.899994, 'A', '');
INSERT INTO public.events VALUES (93, '2015-03-21 22:47:32.521133', 1204, 29392, 314, 1, 406.600006, 'D', '');
INSERT INTO public.events VALUES (94, '2015-03-10 14:51:25.916233', 1238, 29363, 668, 2, 481, 'B', 'Good work');
INSERT INTO public.events VALUES (95, '2015-03-24 05:14:16.23064', 1206, 29381, 490, 2, 385.200012, 'C', 'Good work');
INSERT INTO public.events VALUES (96, '2015-02-01 11:43:00.567455', 1217, 29390, 577, 2, 572.200012, 'B', '');
INSERT INTO public.events VALUES (97, '2015-02-16 20:22:27.25771', 1187, 29423, 202, 3, 430.100006, 'D', 'Who ya gonna call?');
INSERT INTO public.events VALUES (98, '2015-02-12 23:27:08.462219', 1240, 29417, 832, 1, 388.100006, 'C', 'Almost there...');
INSERT INTO public.events VALUES (99, '2015-03-23 15:04:49.703465', 1245, 29429, 104, 2, 495.299988, 'E', '');
INSERT INTO public.events VALUES (100, '2015-02-28 18:54:27.331409', 1207, 29360, 954, 1, 523.700012, 'B', '');
INSERT INTO public.events VALUES (101, '2015-03-24 13:27:36.28767', 1172, 29382, 434, 3, 550.700012, 'B', '');
INSERT INTO public.events VALUES (102, '2015-02-15 03:40:32.706928', 1169, 29368, 224, 2, 427.399994, 'E', '');
INSERT INTO public.events VALUES (103, '2015-02-20 04:47:29.382305', 1223, 29360, 235, 2, 455.200012, 'C', '');
INSERT INTO public.events VALUES (104, '2015-02-07 11:56:38.910713', 1201, 29377, 163, 2, 574.799988, 'B', '');
INSERT INTO public.events VALUES (105, '2015-03-09 05:01:49.946537', 1169, 29396, 845, 1, 506.100006, 'B', 'Who ya gonna call?');
INSERT INTO public.events VALUES (106, '2015-02-25 21:31:33.230152', 1160, 29422, 922, 2, 514.099976, 'D', 'What were you thinking?');
INSERT INTO public.events VALUES (107, '2015-03-11 11:31:19.068947', 1241, 29424, 971, 1, 437.200012, 'C', '');
INSERT INTO public.events VALUES (108, '2015-02-03 03:13:50.405903', 1208, 29349, 312, 3, 502.200012, 'A', 'Who ya gonna call?');
INSERT INTO public.events VALUES (109, '2015-03-05 20:37:38.686924', 1157, 29358, 984, 1, 531.099976, 'D', '');
INSERT INTO public.events VALUES (110, '2015-03-23 02:45:30.541134', 1245, 29431, 470, 3, 405.399994, 'E', '');
INSERT INTO public.events VALUES (111, '2015-01-27 06:15:38.295078', 1184, 29368, 917, 1, 539.799988, 'E', '');
INSERT INTO public.events VALUES (112, '2015-02-27 11:05:32.247162', 1151, 29410, 420, 3, 554.5, 'B', '');
INSERT INTO public.events VALUES (113, '2015-03-07 00:01:06.555691', 1166, 29388, 693, 2, 441.299988, 'E', 'Who ya gonna call?');
INSERT INTO public.events VALUES (114, '2015-02-09 06:43:40.197201', 1164, 29381, 390, 1, 508.600006, 'A', 'Good work');
INSERT INTO public.events VALUES (115, '2015-01-30 03:37:18.336468', 1156, 29400, 64, 2, 464, 'C', 'What were you thinking?');
INSERT INTO public.events VALUES (116, '2015-02-02 02:05:00.287247', 1210, 29414, 392, 2, 388.700012, 'D', 'Almost there...');
INSERT INTO public.events VALUES (117, '2015-02-02 01:10:45.91198', 1158, 29352, 869, 2, 392.600006, 'A', 'What were you thinking?');
INSERT INTO public.events VALUES (118, '2015-03-09 07:35:34.365463', 1169, 29368, 168, 3, 526.5, 'C', '');
INSERT INTO public.events VALUES (119, '2015-02-20 05:08:21.671791', 1166, 29425, 822, 2, 385.100006, 'B', 'Good work');
INSERT INTO public.events VALUES (120, '2015-02-19 14:21:28.343525', 1217, 29355, 29, 3, 507.700012, 'B', 'Almost there...');
INSERT INTO public.events VALUES (121, '2015-02-18 13:40:40.129566', 1240, 29369, 174, 1, 538.200012, 'A', 'Almost there...');
INSERT INTO public.events VALUES (122, '2015-02-03 18:24:11.1549', 1196, 29425, 240, 2, 461.700012, 'B', 'What were you thinking?');
INSERT INTO public.events VALUES (123, '2015-02-09 05:45:56.758976', 1155, 29400, 500, 1, 480.399994, 'C', '');
INSERT INTO public.events VALUES (124, '2015-02-04 16:59:10.043964', 1217, 29406, 74, 2, 427.600006, 'E', '');
INSERT INTO public.events VALUES (125, '2015-01-27 05:08:49.864597', 1243, 29428, 151, 3, 514.200012, 'C', 'Who ya gonna call?');
INSERT INTO public.events VALUES (126, '2015-03-12 09:17:33.077316', 1188, 29398, 1, 2, 559.200012, 'E', 'Almost there...');
INSERT INTO public.events VALUES (127, '2015-03-12 12:13:11.110039', 1225, 29379, 636, 1, 523, 'A', '');
INSERT INTO public.events VALUES (128, '2015-01-23 17:22:41.298752', 1177, 29415, 609, 3, 581.599976, 'B', 'What were you thinking?');
INSERT INTO public.events VALUES (129, '2015-01-27 22:30:55.934143', 1248, 29407, 741, 1, 418.5, 'B', '');
INSERT INTO public.events VALUES (130, '2015-03-24 11:06:59.011688', 1163, 29359, 855, 1, 402.100006, 'E', 'Almost there...');
INSERT INTO public.events VALUES (131, '2015-02-23 13:16:28.286304', 1155, 29391, 69, 1, 396.299988, 'C', '');
INSERT INTO public.events VALUES (132, '2015-03-23 14:11:38.444653', 1231, 29421, 290, 2, 550.799988, 'D', '');
INSERT INTO public.events VALUES (133, '2015-03-26 04:47:38.245182', 1197, 29359, 738, 1, 565.099976, 'D', 'Who ya gonna call?');
INSERT INTO public.events VALUES (134, '2015-03-09 13:46:55.081787', 1167, 29427, 390, 3, 577.5, 'E', '');
INSERT INTO public.events VALUES (135, '2015-02-27 03:07:26.639729', 1236, 29358, 675, 3, 465.299988, 'A', '');
INSERT INTO public.events VALUES (136, '2015-03-12 02:16:36.275425', 1172, 29389, 249, 1, 489.799988, 'E', 'Almost there...');
INSERT INTO public.events VALUES (137, '2015-02-10 23:32:54.6912', 1173, 29380, 133, 2, 548.900024, 'D', '');
INSERT INTO public.events VALUES (138, '2015-03-25 00:14:08.141956', 1200, 29376, 82, 1, 465.600006, 'C', 'Almost there...');
INSERT INTO public.events VALUES (139, '2015-03-26 06:58:09.904976', 1246, 29400, 881, 2, 486.899994, 'A', '');
INSERT INTO public.events VALUES (140, '2015-03-17 09:49:32.456646', 1241, 29383, 954, 2, 409.299988, 'B', 'Who ya gonna call?');
INSERT INTO public.events VALUES (141, '2015-02-14 04:25:05.608463', 1185, 29380, 822, 2, 517.799988, 'C', 'Who ya gonna call?');
INSERT INTO public.events VALUES (142, '2015-02-13 15:03:25.853748', 1240, 29429, 705, 1, 474.5, 'A', 'Almost there...');
INSERT INTO public.events VALUES (143, '2015-02-25 00:44:18.262253', 1150, 29434, 836, 1, 429.700012, 'D', 'Good work');
INSERT INTO public.events VALUES (144, '2015-02-06 18:11:19.409981', 1156, 29366, 830, 3, 499.100006, 'B', 'What were you thinking?');
INSERT INTO public.events VALUES (145, '2015-02-13 03:59:07.69907', 1229, 29393, 732, 3, 404.899994, 'A', 'Almost there...');
INSERT INTO public.events VALUES (146, '2015-03-18 01:28:47.409554', 1160, 29389, 216, 3, 400, 'A', 'What were you thinking?');
INSERT INTO public.events VALUES (147, '2015-03-19 18:38:06.564732', 1177, 29436, 796, 3, 394, 'E', 'Good work');
INSERT INTO public.events VALUES (148, '2015-02-07 00:20:38.329983', 1200, 29354, 215, 2, 416.200012, 'B', '');
INSERT INTO public.events VALUES (149, '2015-02-19 11:21:03.428593', 1208, 29369, 645, 2, 424.100006, 'D', 'Good work');
INSERT INTO public.events VALUES (150, '2015-02-05 05:04:30.526314', 1225, 29349, 718, 2, 536.900024, 'B', '');
INSERT INTO public.events VALUES (151, '2015-03-15 18:10:57.971191', 1184, 29426, 285, 2, 547.5, 'C', 'What were you thinking?');
INSERT INTO public.events VALUES (152, '2015-02-14 12:15:36.832523', 1193, 29357, 359, 1, 402.799988, 'E', 'Almost there...');
INSERT INTO public.events VALUES (153, '2015-02-17 07:33:18.965836', 1197, 29402, 469, 3, 576.700012, 'C', 'Who ya gonna call?');
INSERT INTO public.events VALUES (154, '2015-03-03 10:20:39.366817', 1163, 29397, 865, 3, 580.200012, 'E', 'Good work');
INSERT INTO public.events VALUES (155, '2015-01-26 07:54:03.798351', 1149, 29414, 66, 3, 432.200012, 'D', '');
INSERT INTO public.events VALUES (156, '2015-03-16 06:15:56.677437', 1202, 29400, 705, 3, 415.799988, 'A', 'What were you thinking?');
INSERT INTO public.events VALUES (157, '2015-02-24 12:53:29.655762', 1167, 29402, 620, 2, 554.200012, 'E', 'What were you thinking?');
INSERT INTO public.events VALUES (158, '2015-03-08 19:10:40.193081', 1244, 29378, 319, 2, 392.600006, 'E', 'What were you thinking?');
INSERT INTO public.events VALUES (159, '2015-02-09 05:02:50.87431', 1153, 29365, 835, 3, 578.400024, 'C', '');
INSERT INTO public.events VALUES (160, '2015-03-15 07:37:30.615406', 1246, 29434, 555, 1, 523.299988, 'B', 'What were you thinking?');
INSERT INTO public.events VALUES (161, '2015-03-14 02:19:03.450165', 1235, 29369, 383, 2, 396.100006, 'D', '');
INSERT INTO public.events VALUES (162, '2015-02-25 19:14:57.525501', 1157, 29370, 144, 3, 542.5, 'A', 'Good work');
INSERT INTO public.events VALUES (163, '2015-03-26 19:23:05.501289', 1190, 29414, 329, 3, 416.600006, 'E', 'Almost there...');
INSERT INTO public.events VALUES (164, '2015-02-14 22:51:08.734646', 1150, 29367, 552, 3, 407.799988, 'C', '');
INSERT INTO public.events VALUES (165, '2015-02-24 16:13:39.549179', 1215, 29356, 494, 1, 410, 'E', 'Almost there...');
INSERT INTO public.events VALUES (166, '2015-02-03 07:47:14.60741', 1150, 29436, 421, 2, 496.899994, 'E', 'Who ya gonna call?');
INSERT INTO public.events VALUES (167, '2015-02-21 23:03:19.077415', 1242, 29406, 724, 1, 456.100006, 'C', '');
INSERT INTO public.events VALUES (168, '2015-02-24 03:30:24.598217', 1155, 29417, 254, 2, 486.899994, 'D', '');
INSERT INTO public.events VALUES (169, '2015-02-17 19:13:46.782131', 1225, 29395, 620, 1, 460, 'B', '');
INSERT INTO public.events VALUES (170, '2015-03-10 10:22:09.669285', 1232, 29352, 826, 1, 435.799988, 'D', 'What were you thinking?');
INSERT INTO public.events VALUES (171, '2015-03-24 06:50:47.242641', 1200, 29372, 945, 3, 516.299988, 'A', '');
INSERT INTO public.events VALUES (172, '2015-02-23 18:28:32.779713', 1190, 29400, 157, 1, 517.400024, 'E', 'Good work');
INSERT INTO public.events VALUES (173, '2015-02-24 06:11:43.436565', 1214, 29413, 290, 3, 409.700012, 'D', 'Good work');
INSERT INTO public.events VALUES (174, '2015-03-14 15:35:37.953186', 1181, 29427, 330, 3, 425.799988, 'D', '');
INSERT INTO public.events VALUES (175, '2015-03-08 13:30:01.374149', 1216, 29352, 747, 2, 459.299988, 'A', 'Who ya gonna call?');
INSERT INTO public.events VALUES (176, '2015-01-22 11:44:46.84473', 1194, 29427, 269, 2, 550.700012, 'E', 'What were you thinking?');
INSERT INTO public.events VALUES (177, '2015-03-22 16:58:03.708858', 1239, 29370, 518, 1, 462.200012, 'E', '');
INSERT INTO public.events VALUES (178, '2015-02-02 23:55:50.600052', 1206, 29352, 913, 3, 574.200012, 'E', '');
INSERT INTO public.events VALUES (179, '2015-01-24 19:47:13.917332', 1215, 29372, 930, 3, 426.100006, 'A', 'Who ya gonna call?');
INSERT INTO public.events VALUES (180, '2015-01-30 23:46:20.507469', 1219, 29426, 179, 2, 461.399994, 'D', '');
INSERT INTO public.events VALUES (181, '2015-02-26 16:01:55.668869', 1194, 29422, 444, 3, 431.600006, 'B', 'Good work');
INSERT INTO public.events VALUES (182, '2015-02-08 21:55:44.115543', 1213, 29361, 523, 1, 424.899994, 'C', 'Almost there...');
INSERT INTO public.events VALUES (183, '2015-03-21 15:37:46.361904', 1183, 29417, 953, 1, 513.299988, 'C', 'Almost there...');
INSERT INTO public.events VALUES (184, '2015-03-20 23:50:27.115345', 1179, 29376, 170, 1, 446.299988, 'D', '');
INSERT INTO public.events VALUES (185, '2015-02-15 11:17:55.637054', 1185, 29350, 261, 2, 477.100006, 'C', 'What were you thinking?');
INSERT INTO public.events VALUES (186, '2015-03-04 14:34:47.30793', 1158, 29429, 483, 2, 511.899994, 'B', 'Who ya gonna call?');
INSERT INTO public.events VALUES (187, '2015-03-09 05:46:01.615276', 1230, 29374, 858, 2, 475, 'E', 'Almost there...');
INSERT INTO public.events VALUES (188, '2015-01-26 02:17:59.388714', 1173, 29419, 837, 1, 397.200012, 'B', '');
INSERT INTO public.events VALUES (189, '2015-02-22 01:28:47.005291', 1159, 29381, 792, 1, 503.399994, 'B', 'Almost there...');
INSERT INTO public.events VALUES (190, '2015-01-28 18:18:29.928989', 1213, 29433, 114, 3, 485.200012, 'B', 'Who ya gonna call?');
INSERT INTO public.events VALUES (191, '2015-02-28 04:36:02.934208', 1204, 29401, 492, 1, 412.299988, 'C', 'Who ya gonna call?');
INSERT INTO public.events VALUES (192, '2015-01-30 12:09:13.295517', 1224, 29432, 414, 2, 442.600006, 'A', 'Who ya gonna call?');
INSERT INTO public.events VALUES (193, '2015-03-18 17:30:54.486179', 1215, 29396, 667, 2, 532.5, 'B', '');
INSERT INTO public.events VALUES (194, '2015-03-10 01:35:23.038387', 1247, 29423, 95, 3, 407.200012, 'B', '');
INSERT INTO public.events VALUES (195, '2015-03-07 09:48:52.393456', 1236, 29416, 649, 3, 518.700012, 'C', 'What were you thinking?');
INSERT INTO public.events VALUES (196, '2015-02-01 00:37:32.990341', 1205, 29368, 751, 1, 436.799988, 'B', '');
INSERT INTO public.events VALUES (197, '2015-03-20 05:32:54.474907', 1167, 29350, 843, 2, 509.600006, 'B', '');
INSERT INTO public.events VALUES (198, '2015-01-30 19:16:31.963291', 1195, 29374, 671, 1, 544.700012, 'A', 'Good work');
INSERT INTO public.events VALUES (199, '2015-02-17 14:56:56.458797', 1235, 29418, 253, 3, 497.5, 'A', 'What were you thinking?');
INSERT INTO public.events VALUES (200, '2015-02-14 18:06:10.169735', 1213, 29387, 128, 1, 471.399994, 'D', 'Almost there...');
INSERT INTO public.events VALUES (201, '2015-03-14 10:34:50.82098', 1193, 29349, 24, 1, 396.600006, 'D', 'Who ya gonna call?');
INSERT INTO public.events VALUES (202, '2015-02-09 13:18:20.787163', 1157, 29370, 300, 3, 553.700012, 'B', '');
INSERT INTO public.events VALUES (203, '2015-03-22 12:30:57.163239', 1154, 29376, 220, 3, 473.100006, 'C', 'What were you thinking?');
INSERT INTO public.events VALUES (204, '2015-01-23 15:44:22.964058', 1163, 29375, 808, 2, 436.799988, 'B', 'Who ya gonna call?');
INSERT INTO public.events VALUES (205, '2015-02-15 04:02:56.949406', 1224, 29428, 816, 3, 424.5, 'E', 'Good work');
INSERT INTO public.events VALUES (206, '2015-02-07 07:45:14.083099', 1217, 29405, 252, 3, 552.599976, 'C', '');
INSERT INTO public.events VALUES (207, '2015-02-11 06:49:18.68082', 1248, 29430, 559, 1, 554.700012, 'A', 'Almost there...');
INSERT INTO public.events VALUES (208, '2015-02-17 04:20:40.092945', 1170, 29429, 715, 2, 512.400024, 'E', 'Good work');
INSERT INTO public.events VALUES (209, '2015-02-01 09:39:02.432785', 1194, 29417, 463, 1, 419.100006, 'C', '');
INSERT INTO public.events VALUES (210, '2015-03-09 15:05:46.820354', 1212, 29431, 630, 2, 548.299988, 'B', '');
INSERT INTO public.events VALUES (211, '2015-03-16 10:31:14.20578', 1219, 29393, 475, 3, 427.200012, 'C', '');
INSERT INTO public.events VALUES (212, '2015-02-11 11:20:23.002338', 1175, 29367, 240, 3, 484.5, 'D', 'Almost there...');
INSERT INTO public.events VALUES (213, '2015-01-28 02:01:30.158272', 1171, 29412, 1000, 3, 415.600006, 'D', 'Who ya gonna call?');
INSERT INTO public.events VALUES (214, '2015-03-04 04:57:22.765045', 1159, 29402, 419, 2, 560.400024, 'A', '');
INSERT INTO public.events VALUES (215, '2015-03-01 04:13:10.62767', 1177, 29394, 524, 3, 578.799988, 'C', '');
INSERT INTO public.events VALUES (216, '2015-02-13 05:37:43.326931', 1223, 29408, 847, 1, 510.5, 'B', '');
INSERT INTO public.events VALUES (217, '2015-01-26 03:27:13.448982', 1202, 29427, 267, 3, 528.900024, 'C', '');
INSERT INTO public.events VALUES (218, '2015-03-12 08:27:28.976612', 1235, 29432, 484, 3, 563.400024, 'B', '');
INSERT INTO public.events VALUES (219, '2015-03-04 04:38:53.865166', 1199, 29436, 252, 3, 496.100006, 'C', 'What were you thinking?');
INSERT INTO public.events VALUES (220, '2015-01-30 16:58:27.228184', 1200, 29423, 649, 1, 536.599976, 'E', 'Who ya gonna call?');
INSERT INTO public.events VALUES (221, '2015-03-02 23:31:06.63208', 1186, 29393, 295, 1, 529.799988, 'D', 'What were you thinking?');
INSERT INTO public.events VALUES (222, '2015-03-22 11:30:13.416195', 1177, 29372, 821, 2, 391.700012, 'E', 'Almost there...');
INSERT INTO public.events VALUES (223, '2015-02-26 01:31:21.129742', 1180, 29428, 494, 3, 537.200012, 'E', 'Almost there...');
INSERT INTO public.events VALUES (224, '2015-02-16 02:48:02.188511', 1192, 29372, 383, 3, 421.700012, 'A', 'What were you thinking?');
INSERT INTO public.events VALUES (225, '2015-03-23 11:31:14.42379', 1230, 29410, 784, 2, 531.099976, 'B', '');
INSERT INTO public.events VALUES (226, '2015-02-26 03:22:36.016731', 1157, 29358, 50, 2, 451.299988, 'C', 'Good work');
INSERT INTO public.events VALUES (227, '2015-03-13 00:18:38.84594', 1179, 29403, 38, 1, 417.899994, 'B', '');
INSERT INTO public.events VALUES (228, '2015-01-27 00:57:03.822212', 1215, 29391, 974, 1, 440.700012, 'D', 'Good work');
INSERT INTO public.events VALUES (229, '2015-03-10 11:24:09.870872', 1204, 29412, 2, 3, 466, 'C', '');
INSERT INTO public.events VALUES (230, '2015-02-03 08:24:10.370407', 1236, 29368, 886, 2, 523.599976, 'C', 'What were you thinking?');
INSERT INTO public.events VALUES (231, '2015-03-02 21:17:04.789238', 1168, 29417, 729, 1, 417.5, 'B', 'Almost there...');
INSERT INTO public.events VALUES (232, '2015-01-26 06:50:25.170422', 1151, 29390, 679, 1, 504, 'B', '');
INSERT INTO public.events VALUES (233, '2015-03-17 10:21:19.643726', 1162, 29372, 328, 1, 470.5, 'D', 'What were you thinking?');
INSERT INTO public.events VALUES (234, '2015-03-02 06:00:06.142902', 1233, 29435, 327, 3, 567, 'E', 'Good work');
INSERT INTO public.events VALUES (235, '2015-03-10 06:19:28.778801', 1152, 29417, 961, 3, 472.5, 'C', 'Who ya gonna call?');
INSERT INTO public.events VALUES (236, '2015-03-05 06:30:55.605412', 1202, 29405, 438, 1, 562.299988, 'D', 'Who ya gonna call?');
INSERT INTO public.events VALUES (237, '2015-03-01 21:23:14.962406', 1181, 29429, 73, 1, 580.099976, 'C', 'Almost there...');
INSERT INTO public.events VALUES (238, '2015-03-06 05:49:19.291935', 1234, 29359, 938, 1, 429.5, 'D', '');
INSERT INTO public.events VALUES (239, '2015-02-14 20:18:22.302933', 1227, 29355, 348, 1, 568.700012, 'C', 'Who ya gonna call?');
INSERT INTO public.events VALUES (240, '2015-02-07 22:20:21.834183', 1233, 29433, 44, 3, 560.400024, 'E', '');
INSERT INTO public.events VALUES (241, '2015-02-22 05:44:35.628376', 1195, 29385, 123, 3, 521.900024, 'A', 'Almost there...');
INSERT INTO public.events VALUES (242, '2015-01-23 00:20:22.84441', 1199, 29350, 925, 2, 389.600006, 'A', 'What were you thinking?');
INSERT INTO public.events VALUES (243, '2015-03-21 02:05:11.609173', 1173, 29426, 17, 1, 396.5, 'C', '');
INSERT INTO public.events VALUES (244, '2015-02-06 19:20:12.708664', 1204, 29423, 314, 3, 577.400024, 'D', '');
INSERT INTO public.events VALUES (245, '2015-02-06 07:21:55.780163', 1164, 29420, 192, 1, 508.799988, 'B', 'Good work');
INSERT INTO public.events VALUES (246, '2015-01-26 19:36:53.412952', 1217, 29356, 490, 3, 582, 'E', 'What were you thinking?');
INSERT INTO public.events VALUES (247, '2015-02-02 14:13:38.417931', 1230, 29392, 193, 3, 398.399994, 'E', 'What were you thinking?');
INSERT INTO public.events VALUES (248, '2015-02-05 06:16:04.850235', 1213, 29376, 97, 2, 485.100006, 'E', '');
INSERT INTO public.events VALUES (249, '2015-02-01 08:00:29.897404', 1239, 29353, 6, 1, 575.700012, 'B', 'What were you thinking?');
INSERT INTO public.events VALUES (250, '2015-03-25 08:49:03.579769', 1194, 29359, 782, 2, 448.100006, 'C', '');
INSERT INTO public.events VALUES (251, '2015-02-17 03:37:18.089275', 1220, 29349, 489, 1, 546.799988, 'D', 'Good work');
INSERT INTO public.events VALUES (252, '2015-02-21 19:40:51.253223', 1186, 29404, 969, 2, 459.100006, 'E', '');
INSERT INTO public.events VALUES (253, '2015-01-24 17:51:17.483368', 1227, 29350, 355, 3, 520.700012, 'C', 'Who ya gonna call?');
INSERT INTO public.events VALUES (254, '2015-03-18 05:22:23.593597', 1153, 29400, 914, 1, 545.099976, 'C', 'Almost there...');
INSERT INTO public.events VALUES (255, '2015-03-18 22:31:04.179039', 1150, 29371, 984, 3, 564, 'E', '');
INSERT INTO public.events VALUES (256, '2015-02-10 15:27:29.284744', 1169, 29402, 306, 3, 546.900024, 'E', 'What were you thinking?');
INSERT INTO public.events VALUES (257, '2015-01-29 18:42:32.373791', 1165, 29365, 746, 1, 536.5, 'E', 'Almost there...');
INSERT INTO public.events VALUES (258, '2015-01-29 22:06:20.62048', 1166, 29397, 137, 2, 470.899994, 'B', '');
INSERT INTO public.events VALUES (259, '2015-03-15 15:47:53.20118', 1187, 29390, 403, 1, 488.200012, 'C', 'What were you thinking?');
INSERT INTO public.events VALUES (260, '2015-02-04 11:22:59.469967', 1165, 29395, 460, 1, 450.600006, 'C', 'Who ya gonna call?');
INSERT INTO public.events VALUES (261, '2015-02-14 04:07:49.898129', 1194, 29395, 967, 3, 428.5, 'D', 'What were you thinking?');
INSERT INTO public.events VALUES (262, '2015-03-13 03:44:41.310368', 1236, 29382, 968, 2, 488.399994, 'E', '');
INSERT INTO public.events VALUES (263, '2015-03-09 21:39:36.223469', 1222, 29409, 276, 3, 428.100006, 'D', 'What were you thinking?');
INSERT INTO public.events VALUES (264, '2015-03-08 14:17:40.226154', 1218, 29401, 180, 1, 564.400024, 'C', '');
INSERT INTO public.events VALUES (265, '2015-03-08 00:14:08.559093', 1179, 29354, 232, 3, 427.600006, 'D', '');
INSERT INTO public.events VALUES (266, '2015-02-27 06:43:51.284809', 1160, 29407, 93, 1, 469.399994, 'B', '');
INSERT INTO public.events VALUES (267, '2015-02-11 07:39:39.706478', 1235, 29375, 698, 3, 567.900024, 'A', '');
INSERT INTO public.events VALUES (268, '2015-02-05 05:44:32.489548', 1204, 29406, 909, 3, 490.399994, 'A', 'Who ya gonna call?');
INSERT INTO public.events VALUES (269, '2015-01-30 09:17:16.335182', 1203, 29368, 728, 3, 447.799988, 'A', 'Almost there...');
INSERT INTO public.events VALUES (270, '2015-03-03 10:33:10.082359', 1190, 29403, 692, 2, 459.799988, 'D', 'What were you thinking?');
INSERT INTO public.events VALUES (271, '2015-03-21 09:43:47.826691', 1170, 29392, 575, 1, 499.799988, 'A', 'Who ya gonna call?');
INSERT INTO public.events VALUES (272, '2015-03-27 06:20:49.270821', 1210, 29387, 297, 1, 438.200012, 'A', '');
INSERT INTO public.events VALUES (273, '2015-02-04 23:54:50.076542', 1202, 29421, 869, 2, 516.299988, 'D', '');
INSERT INTO public.events VALUES (274, '2015-02-16 18:34:10.320911', 1205, 29366, 620, 1, 568.200012, 'D', 'Good work');
INSERT INTO public.events VALUES (275, '2015-03-23 04:39:03.173504', 1240, 29378, 552, 2, 581.599976, 'E', '');
INSERT INTO public.events VALUES (276, '2015-03-22 17:25:07.646942', 1200, 29366, 421, 1, 484.5, 'A', 'Almost there...');
INSERT INTO public.events VALUES (277, '2015-03-27 04:02:15.482883', 1158, 29359, 436, 2, 470.200012, 'D', 'Who ya gonna call?');
INSERT INTO public.events VALUES (278, '2015-03-08 09:27:52.768021', 1209, 29433, 530, 2, 464.200012, 'E', 'Who ya gonna call?');
INSERT INTO public.events VALUES (279, '2015-02-03 09:25:04.316711', 1235, 29433, 387, 2, 435.600006, 'E', 'Who ya gonna call?');
INSERT INTO public.events VALUES (280, '2015-02-10 20:59:33.835373', 1191, 29364, 642, 3, 541.599976, 'E', '');
INSERT INTO public.events VALUES (281, '2015-03-03 11:00:36.708069', 1239, 29375, 824, 1, 463.799988, 'C', 'Good work');
INSERT INTO public.events VALUES (282, '2015-02-11 23:56:55.851116', 1181, 29391, 439, 3, 559.900024, 'C', 'Who ya gonna call?');
INSERT INTO public.events VALUES (283, '2015-03-18 18:55:03.336525', 1195, 29391, 826, 3, 574.299988, 'E', 'What were you thinking?');
INSERT INTO public.events VALUES (284, '2015-02-05 15:32:51.000481', 1166, 29420, 187, 2, 445.200012, 'E', '');
INSERT INTO public.events VALUES (285, '2015-02-19 14:25:25.434494', 1236, 29412, 616, 2, 524.400024, 'A', '');
INSERT INTO public.events VALUES (286, '2015-02-16 23:57:23.992424', 1162, 29401, 705, 3, 569.299988, 'E', 'What were you thinking?');
INSERT INTO public.events VALUES (287, '2015-01-28 19:05:23.096752', 1177, 29370, 590, 3, 584.5, 'D', 'Almost there...');
INSERT INTO public.events VALUES (288, '2015-02-21 04:04:26.407299', 1207, 29389, 946, 2, 474.5, 'A', 'Who ya gonna call?');
INSERT INTO public.events VALUES (289, '2015-03-20 13:11:33.548012', 1212, 29404, 711, 3, 423.200012, 'B', 'What were you thinking?');
INSERT INTO public.events VALUES (290, '2015-01-23 05:29:19.811497', 1175, 29354, 740, 3, 499.799988, 'A', '');
INSERT INTO public.events VALUES (291, '2015-02-19 09:23:24.358292', 1177, 29411, 40, 3, 520.099976, 'C', 'Almost there...');
INSERT INTO public.events VALUES (292, '2015-03-24 22:50:29.31776', 1157, 29433, 207, 3, 521.799988, 'E', '');
INSERT INTO public.events VALUES (293, '2015-02-04 12:39:04.196606', 1163, 29373, 666, 1, 522.799988, 'A', '');
INSERT INTO public.events VALUES (294, '2015-01-29 17:20:32.787037', 1247, 29378, 744, 3, 415.799988, 'B', '');
INSERT INTO public.events VALUES (295, '2015-03-23 06:38:46.764393', 1219, 29386, 1, 2, 445.799988, 'C', 'Almost there...');
INSERT INTO public.events VALUES (296, '2015-02-28 05:35:26.330853', 1237, 29400, 292, 3, 500.399994, 'E', 'Who ya gonna call?');
INSERT INTO public.events VALUES (297, '2015-03-25 08:57:10.695534', 1237, 29407, 933, 1, 454.100006, 'D', 'Almost there...');
INSERT INTO public.events VALUES (298, '2015-03-02 22:06:28.092899', 1179, 29392, 895, 3, 501.200012, 'C', '');
INSERT INTO public.events VALUES (299, '2015-02-28 20:12:02.744179', 1157, 29398, 917, 3, 437, 'E', 'Almost there...');
INSERT INTO public.events VALUES (300, '2015-01-26 23:38:23.675938', 1225, 29434, 497, 3, 468.299988, 'E', 'Good work');
INSERT INTO public.events VALUES (301, '2015-03-14 16:36:55.586185', 1182, 29375, 394, 2, 430.799988, 'A', 'Good work');
INSERT INTO public.events VALUES (302, '2015-03-25 13:26:41.13802', 1209, 29359, 642, 2, 427.5, 'A', '');
INSERT INTO public.events VALUES (303, '2015-03-26 14:55:36.170197', 1164, 29394, 482, 1, 481.200012, 'A', 'Good work');
INSERT INTO public.events VALUES (304, '2015-01-26 11:35:55.399132', 1212, 29398, 633, 2, 462.899994, 'E', 'Almost there...');
INSERT INTO public.events VALUES (305, '2015-03-20 13:20:03.25613', 1211, 29362, 865, 1, 568, 'D', '');
INSERT INTO public.events VALUES (306, '2015-02-09 12:06:08.88485', 1241, 29371, 590, 1, 562.099976, 'E', '');
INSERT INTO public.events VALUES (307, '2015-03-15 20:38:25.7024', 1177, 29392, 941, 3, 388.899994, 'E', '');
INSERT INTO public.events VALUES (308, '2015-02-01 06:48:53.822536', 1240, 29364, 672, 2, 428.399994, 'B', 'Good work');
INSERT INTO public.events VALUES (309, '2015-02-01 05:40:49.833584', 1195, 29423, 721, 1, 464.600006, 'E', 'Good work');
INSERT INTO public.events VALUES (310, '2015-01-29 12:00:43.175411', 1247, 29350, 267, 3, 412.5, 'E', 'What were you thinking?');
INSERT INTO public.events VALUES (311, '2015-02-03 01:21:53.846397', 1162, 29354, 440, 3, 459.100006, 'B', '');
INSERT INTO public.events VALUES (312, '2015-02-12 07:35:10.076237', 1203, 29406, 817, 2, 501.5, 'B', '');
INSERT INTO public.events VALUES (313, '2015-03-16 23:31:24.556103', 1213, 29392, 12, 1, 564, 'C', 'Almost there...');
INSERT INTO public.events VALUES (314, '2015-02-06 02:38:50.568409', 1195, 29380, 83, 1, 475.200012, 'B', 'Good work');
INSERT INTO public.events VALUES (315, '2015-02-22 05:55:31.777382', 1179, 29387, 506, 2, 443.5, 'A', 'Good work');
INSERT INTO public.events VALUES (316, '2015-03-04 14:01:21.164074', 1224, 29386, 705, 1, 416.200012, 'C', 'What were you thinking?');
INSERT INTO public.events VALUES (317, '2015-01-27 05:52:03.592472', 1200, 29411, 735, 2, 423.200012, 'A', 'Who ya gonna call?');
INSERT INTO public.events VALUES (318, '2015-02-11 18:27:00.157242', 1166, 29422, 820, 1, 414.799988, 'D', 'What were you thinking?');
INSERT INTO public.events VALUES (319, '2015-03-09 04:17:36.570625', 1190, 29403, 76, 2, 546.700012, 'C', 'Almost there...');
INSERT INTO public.events VALUES (320, '2015-02-25 04:02:11.131268', 1247, 29358, 971, 2, 520.700012, 'B', 'Almost there...');
INSERT INTO public.events VALUES (321, '2015-02-08 06:22:13.99086', 1162, 29387, 697, 3, 509.200012, 'E', 'Who ya gonna call?');
INSERT INTO public.events VALUES (322, '2015-03-17 23:58:09.336777', 1240, 29361, 560, 2, 480.100006, 'A', 'Good work');
INSERT INTO public.events VALUES (323, '2015-03-11 11:43:18.468304', 1245, 29406, 589, 3, 551.900024, 'B', 'What were you thinking?');
INSERT INTO public.events VALUES (324, '2015-03-10 16:26:59.92979', 1199, 29371, 361, 2, 534.799988, 'A', '');
INSERT INTO public.events VALUES (325, '2015-02-02 07:12:33.1703', 1159, 29413, 285, 1, 428.5, 'C', '');
INSERT INTO public.events VALUES (326, '2015-03-25 02:04:43.679008', 1183, 29379, 397, 1, 421.799988, 'D', '');
INSERT INTO public.events VALUES (327, '2015-01-23 14:51:47.231426', 1238, 29357, 163, 2, 533.599976, 'E', '');
INSERT INTO public.events VALUES (328, '2015-03-04 06:45:42.683601', 1169, 29411, 292, 3, 483.899994, 'B', 'What were you thinking?');
INSERT INTO public.events VALUES (329, '2015-01-30 12:11:45.617523', 1202, 29436, 381, 3, 499.600006, 'A', 'Almost there...');
INSERT INTO public.events VALUES (330, '2015-01-30 18:17:51.310329', 1155, 29408, 865, 2, 536, 'D', 'Almost there...');
INSERT INTO public.events VALUES (331, '2015-01-27 17:33:15.249367', 1180, 29357, 436, 3, 411.399994, 'A', 'Who ya gonna call?');
INSERT INTO public.events VALUES (332, '2015-03-03 02:34:03.570328', 1221, 29351, 720, 3, 479.600006, 'B', 'What were you thinking?');
INSERT INTO public.events VALUES (333, '2015-02-21 02:02:01.296787', 1202, 29408, 177, 3, 478.299988, 'E', 'Who ya gonna call?');
INSERT INTO public.events VALUES (334, '2015-03-06 09:18:52.727337', 1244, 29436, 672, 1, 562.900024, 'A', 'Who ya gonna call?');
INSERT INTO public.events VALUES (335, '2015-02-07 02:40:13.012218', 1195, 29433, 928, 1, 445, 'B', 'Good work');
INSERT INTO public.events VALUES (336, '2015-03-07 04:14:25.336418', 1190, 29403, 783, 3, 449.200012, 'C', 'Good work');
INSERT INTO public.events VALUES (337, '2015-03-22 00:25:24.800205', 1195, 29353, 942, 1, 573.299988, 'A', 'Good work');
INSERT INTO public.events VALUES (338, '2015-02-18 00:25:01.11351', 1214, 29390, 95, 3, 444, 'B', 'Good work');
INSERT INTO public.events VALUES (339, '2015-02-27 09:18:17.582245', 1199, 29370, 564, 1, 500.100006, 'E', '');
INSERT INTO public.events VALUES (340, '2015-02-20 10:54:40.565643', 1190, 29352, 410, 2, 457.899994, 'E', 'Good work');
INSERT INTO public.events VALUES (341, '2015-03-08 21:24:12.120495', 1152, 29417, 326, 3, 509.399994, 'A', 'What were you thinking?');
INSERT INTO public.events VALUES (342, '2015-03-04 21:02:14.520721', 1222, 29357, 702, 3, 440.5, 'B', 'Almost there...');
INSERT INTO public.events VALUES (343, '2015-03-04 14:44:08.599434', 1158, 29431, 120, 1, 536.700012, 'A', '');
INSERT INTO public.events VALUES (344, '2015-02-18 00:19:09.479771', 1223, 29372, 665, 1, 471.5, 'C', 'Good work');
INSERT INTO public.events VALUES (345, '2015-02-06 19:08:06.805058', 1225, 29424, 282, 1, 424.600006, 'C', 'What were you thinking?');
INSERT INTO public.events VALUES (346, '2015-03-04 19:17:11.447124', 1237, 29369, 426, 1, 393.899994, 'B', '');
INSERT INTO public.events VALUES (347, '2015-01-25 12:42:58.692055', 1235, 29417, 143, 2, 474.799988, 'A', 'Who ya gonna call?');
INSERT INTO public.events VALUES (348, '2015-02-18 07:48:24.05302', 1169, 29396, 354, 1, 529.900024, 'C', 'Almost there...');
INSERT INTO public.events VALUES (349, '2015-01-29 16:20:42.606068', 1223, 29390, 377, 2, 541.799988, 'A', '');
INSERT INTO public.events VALUES (350, '2015-03-15 06:34:49.889717', 1214, 29397, 666, 3, 530.400024, 'C', '');
INSERT INTO public.events VALUES (351, '2015-03-18 17:12:00.565796', 1207, 29403, 98, 1, 550.799988, 'E', '');
INSERT INTO public.events VALUES (352, '2015-01-31 13:21:26.66811', 1154, 29410, 923, 1, 436.399994, 'A', 'Who ya gonna call?');
INSERT INTO public.events VALUES (353, '2015-02-15 06:02:37.017803', 1211, 29390, 916, 3, 544.299988, 'D', '');
INSERT INTO public.events VALUES (354, '2015-03-04 10:19:46.37495', 1157, 29396, 117, 2, 575.599976, 'A', 'What were you thinking?');
INSERT INTO public.events VALUES (355, '2015-03-21 03:19:42.397556', 1176, 29402, 456, 3, 492.700012, 'A', '');
INSERT INTO public.events VALUES (356, '2015-02-03 04:19:36.821995', 1229, 29359, 803, 3, 410.299988, 'A', 'Almost there...');
INSERT INTO public.events VALUES (357, '2015-03-03 21:38:47.18668', 1154, 29365, 329, 3, 461.5, 'D', 'Who ya gonna call?');
INSERT INTO public.events VALUES (358, '2015-02-28 23:10:52.101231', 1183, 29349, 58, 1, 580.700012, 'E', 'Who ya gonna call?');
INSERT INTO public.events VALUES (359, '2015-03-18 02:10:54.897594', 1239, 29355, 401, 1, 491.899994, 'B', 'Good work');
INSERT INTO public.events VALUES (360, '2015-02-14 02:13:55.281086', 1241, 29420, 963, 2, 536.200012, 'E', '');
INSERT INTO public.events VALUES (361, '2015-02-23 13:04:44.354496', 1205, 29398, 626, 2, 479.100006, 'D', '');
INSERT INTO public.events VALUES (362, '2015-03-11 14:15:59.667778', 1149, 29395, 941, 1, 483.600006, 'C', '');
INSERT INTO public.events VALUES (363, '2015-02-12 03:13:59.848137', 1240, 29423, 331, 3, 405.200012, 'B', '');
INSERT INTO public.events VALUES (364, '2015-02-11 06:17:07.897167', 1232, 29349, 382, 1, 390.100006, 'C', 'Good work');
INSERT INTO public.events VALUES (365, '2015-03-22 02:25:20.284653', 1207, 29432, 734, 2, 450.899994, 'C', 'What were you thinking?');
INSERT INTO public.events VALUES (366, '2015-02-22 18:29:14.575825', 1154, 29427, 58, 3, 437.399994, 'C', 'Good work');
INSERT INTO public.events VALUES (367, '2015-02-25 07:04:59.281311', 1192, 29372, 54, 2, 503.600006, 'A', 'Good work');
INSERT INTO public.events VALUES (368, '2015-02-26 11:10:40.346718', 1218, 29394, 391, 1, 482.200012, 'C', 'Who ya gonna call?');
INSERT INTO public.events VALUES (369, '2015-02-22 22:09:54.344044', 1182, 29377, 501, 3, 494.600006, 'E', 'Good work');
INSERT INTO public.events VALUES (370, '2015-02-25 03:24:51.143417', 1212, 29361, 480, 2, 521.799988, 'A', '');
INSERT INTO public.events VALUES (371, '2015-03-15 06:27:58.453445', 1235, 29414, 709, 3, 467.899994, 'B', 'Who ya gonna call?');
INSERT INTO public.events VALUES (372, '2015-03-25 13:20:34.126854', 1194, 29423, 238, 2, 428.799988, 'E', 'Who ya gonna call?');
INSERT INTO public.events VALUES (373, '2015-03-16 15:36:49.445858', 1154, 29429, 347, 2, 573.700012, 'B', 'Who ya gonna call?');
INSERT INTO public.events VALUES (374, '2015-03-16 18:23:39.995785', 1242, 29374, 154, 2, 385.700012, 'C', 'Good work');
INSERT INTO public.events VALUES (375, '2015-03-08 09:27:28.844433', 1245, 29405, 841, 2, 388, 'C', '');
INSERT INTO public.events VALUES (376, '2015-02-25 01:41:44.278564', 1174, 29426, 267, 3, 544.900024, 'D', 'Almost there...');
INSERT INTO public.events VALUES (377, '2015-03-07 01:19:54.437027', 1242, 29371, 533, 1, 536.400024, 'E', 'Almost there...');
INSERT INTO public.events VALUES (378, '2015-03-11 12:50:24.72496', 1149, 29420, 672, 2, 436.200012, 'C', 'What were you thinking?');
INSERT INTO public.events VALUES (379, '2015-03-02 19:57:37.624912', 1168, 29366, 903, 2, 511.700012, 'A', 'Good work');
INSERT INTO public.events VALUES (380, '2015-03-21 11:13:02.817078', 1153, 29402, 554, 3, 394.600006, 'A', '');
INSERT INTO public.events VALUES (381, '2015-02-27 20:17:47.706299', 1190, 29376, 451, 3, 439.700012, 'A', '');
INSERT INTO public.events VALUES (382, '2015-02-07 12:10:00.887775', 1185, 29367, 507, 3, 462.899994, 'E', 'Good work');
INSERT INTO public.events VALUES (383, '2015-02-08 07:39:33.876858', 1214, 29384, 79, 1, 536.099976, 'A', 'Good work');
INSERT INTO public.events VALUES (384, '2015-02-12 22:03:04.342003', 1243, 29432, 535, 3, 443.399994, 'D', '');
INSERT INTO public.events VALUES (385, '2015-02-02 05:01:05.426159', 1224, 29379, 774, 1, 431.200012, 'A', 'What were you thinking?');
INSERT INTO public.events VALUES (386, '2015-03-16 00:42:15.088348', 1236, 29406, 133, 1, 451.299988, 'A', 'Good work');
INSERT INTO public.events VALUES (387, '2015-02-17 11:03:43.165798', 1206, 29410, 624, 1, 504.399994, 'E', 'What were you thinking?');
INSERT INTO public.events VALUES (388, '2015-01-23 06:43:38.515778', 1184, 29371, 417, 2, 499.399994, 'E', 'Almost there...');
INSERT INTO public.events VALUES (389, '2015-02-02 11:14:58.178673', 1225, 29394, 123, 1, 455.899994, 'A', 'Who ya gonna call?');
INSERT INTO public.events VALUES (390, '2015-02-18 00:24:15.928802', 1196, 29358, 761, 1, 467, 'B', 'Who ya gonna call?');
INSERT INTO public.events VALUES (391, '2015-03-26 21:57:40.113144', 1155, 29374, 644, 1, 507.100006, 'E', 'Who ya gonna call?');
INSERT INTO public.events VALUES (392, '2015-03-25 22:05:18.456745', 1209, 29365, 679, 1, 439.799988, 'D', 'Good work');
INSERT INTO public.events VALUES (393, '2015-02-09 02:26:05.811825', 1173, 29404, 529, 2, 395.700012, 'D', 'What were you thinking?');
INSERT INTO public.events VALUES (394, '2015-01-28 21:56:19.25806', 1232, 29421, 618, 3, 409, 'A', 'Who ya gonna call?');
INSERT INTO public.events VALUES (395, '2015-03-25 16:19:41.892014', 1186, 29401, 83, 1, 551.799988, 'B', '');
INSERT INTO public.events VALUES (396, '2015-02-22 23:15:06.160927', 1161, 29428, 782, 3, 405.100006, 'A', '');
INSERT INTO public.events VALUES (397, '2015-02-16 13:24:38.515148', 1224, 29411, 586, 2, 572.700012, 'D', '');
INSERT INTO public.events VALUES (398, '2015-03-18 11:28:58.985538', 1219, 29365, 489, 1, 554.099976, 'B', '');
INSERT INTO public.events VALUES (399, '2015-02-26 02:56:12.965813', 1182, 29409, 366, 3, 513, 'D', 'Good work');
INSERT INTO public.events VALUES (400, '2015-02-22 13:33:48.618622', 1242, 29350, 81, 1, 415.200012, 'C', '');
INSERT INTO public.events VALUES (401, '2015-03-22 00:59:18.336067', 1199, 29373, 821, 1, 395.700012, 'B', 'What were you thinking?');
INSERT INTO public.events VALUES (402, '2015-03-22 09:56:21.961727', 1217, 29419, 634, 1, 431.799988, 'A', '');
INSERT INTO public.events VALUES (403, '2015-02-28 01:32:22.793941', 1161, 29432, 761, 2, 420.399994, 'C', 'Who ya gonna call?');
INSERT INTO public.events VALUES (404, '2015-03-02 05:53:27.70998', 1165, 29394, 292, 2, 479.299988, 'C', 'Almost there...');
INSERT INTO public.events VALUES (405, '2015-03-23 02:20:22.824669', 1150, 29384, 952, 1, 467.700012, 'D', 'Good work');
INSERT INTO public.events VALUES (406, '2015-01-29 01:16:08.915176', 1150, 29430, 388, 3, 426.5, 'E', 'What were you thinking?');
INSERT INTO public.events VALUES (407, '2015-02-19 16:57:02.79911', 1224, 29427, 251, 2, 416.399994, 'B', 'Good work');
INSERT INTO public.events VALUES (408, '2015-02-22 11:10:09.885406', 1245, 29374, 430, 3, 565.599976, 'C', 'What were you thinking?');
INSERT INTO public.events VALUES (409, '2015-03-02 07:33:06.696339', 1182, 29354, 127, 2, 502.899994, 'C', '');
INSERT INTO public.events VALUES (410, '2015-03-01 18:33:38.031406', 1204, 29402, 5, 2, 524.799988, 'B', 'Good work');
INSERT INTO public.events VALUES (411, '2015-02-18 05:15:36.57589', 1210, 29411, 343, 1, 493.799988, 'C', 'Good work');
INSERT INTO public.events VALUES (412, '2015-02-26 16:06:50.78825', 1193, 29375, 444, 3, 522.900024, 'C', '');
INSERT INTO public.events VALUES (413, '2015-03-01 22:15:24.97673', 1167, 29406, 892, 2, 460.200012, 'B', '');
INSERT INTO public.events VALUES (414, '2015-03-14 07:04:03.97459', 1170, 29411, 863, 2, 451, 'D', 'Good work');
INSERT INTO public.events VALUES (415, '2015-02-20 09:11:07.897511', 1243, 29427, 60, 3, 464, 'A', 'Almost there...');
INSERT INTO public.events VALUES (416, '2015-03-12 00:52:59.822731', 1186, 29349, 475, 3, 386.899994, 'C', 'Who ya gonna call?');
INSERT INTO public.events VALUES (417, '2015-01-23 15:55:22.099972', 1175, 29389, 324, 3, 414.600006, 'E', '');
INSERT INTO public.events VALUES (418, '2015-01-23 06:58:46.345253', 1180, 29378, 670, 1, 572.799988, 'A', '');
INSERT INTO public.events VALUES (419, '2015-01-25 09:53:51.766605', 1149, 29363, 758, 3, 486.100006, 'B', '');
INSERT INTO public.events VALUES (420, '2015-01-28 02:21:08.39819', 1180, 29389, 980, 2, 465.899994, 'E', 'Good work');
INSERT INTO public.events VALUES (421, '2015-02-15 10:34:04.549656', 1162, 29417, 388, 2, 483, 'B', '');
INSERT INTO public.events VALUES (422, '2015-02-16 20:47:59.484844', 1212, 29415, 855, 3, 478.200012, 'A', '');
INSERT INTO public.events VALUES (423, '2015-01-22 15:22:46.285515', 1246, 29417, 336, 2, 581.700012, 'D', 'Good work');
INSERT INTO public.events VALUES (424, '2015-02-09 01:39:35.679302', 1217, 29435, 439, 2, 554.299988, 'A', 'What were you thinking?');
INSERT INTO public.events VALUES (425, '2015-03-23 21:13:46.873112', 1202, 29363, 402, 2, 492.799988, 'B', '');
INSERT INTO public.events VALUES (426, '2015-03-15 00:53:03.337498', 1238, 29408, 587, 1, 442.600006, 'E', '');
INSERT INTO public.events VALUES (427, '2015-01-27 08:33:26.759262', 1216, 29430, 837, 2, 560.200012, 'B', '');
INSERT INTO public.events VALUES (428, '2015-02-10 20:51:53.550282', 1202, 29423, 87, 3, 482.5, 'A', '');
INSERT INTO public.events VALUES (429, '2015-01-26 23:03:34.140701', 1164, 29364, 59, 2, 509.399994, 'B', 'What were you thinking?');
INSERT INTO public.events VALUES (430, '2015-03-21 08:59:55.302486', 1202, 29363, 72, 3, 519.799988, 'E', 'Good work');
INSERT INTO public.events VALUES (431, '2015-03-02 13:29:40.996227', 1223, 29399, 292, 1, 554.200012, 'D', 'Who ya gonna call?');
INSERT INTO public.events VALUES (432, '2015-02-28 13:12:24.299698', 1189, 29395, 505, 1, 396.600006, 'D', '');
INSERT INTO public.events VALUES (433, '2015-02-15 19:22:39.427643', 1204, 29401, 232, 2, 479, 'A', 'Good work');
INSERT INTO public.events VALUES (434, '2015-03-09 11:16:11.440315', 1220, 29403, 900, 3, 427, 'A', 'What were you thinking?');
INSERT INTO public.events VALUES (435, '2015-02-24 20:07:11.342983', 1216, 29414, 685, 3, 521.400024, 'B', 'What were you thinking?');
INSERT INTO public.events VALUES (436, '2015-02-14 10:10:35.890388', 1185, 29386, 930, 2, 536.400024, 'D', '');
INSERT INTO public.events VALUES (437, '2015-03-13 02:49:18.104897', 1172, 29363, 305, 3, 467.399994, 'A', '');
INSERT INTO public.events VALUES (438, '2015-02-14 16:56:26.793995', 1160, 29433, 964, 2, 505.200012, 'C', 'What were you thinking?');
INSERT INTO public.events VALUES (439, '2015-02-19 05:34:48.533592', 1156, 29376, 60, 3, 401, 'B', 'Who ya gonna call?');
INSERT INTO public.events VALUES (440, '2015-02-08 17:00:36.679745', 1198, 29415, 20, 1, 485.5, 'C', 'What were you thinking?');
INSERT INTO public.events VALUES (441, '2015-03-08 08:29:21.863708', 1202, 29425, 133, 2, 487.899994, 'E', 'Who ya gonna call?');
INSERT INTO public.events VALUES (442, '2015-03-20 09:02:34.430008', 1173, 29414, 60, 2, 481.899994, 'E', 'Who ya gonna call?');
INSERT INTO public.events VALUES (443, '2015-02-21 15:53:52.410336', 1240, 29402, 440, 3, 576.099976, 'A', '');
INSERT INTO public.events VALUES (444, '2015-01-25 01:36:55.60421', 1180, 29351, 357, 2, 384.600006, 'B', '');
INSERT INTO public.events VALUES (445, '2015-02-19 09:20:59.930992', 1213, 29392, 196, 2, 519.299988, 'C', '');
INSERT INTO public.events VALUES (446, '2015-03-08 04:23:53.387089', 1185, 29367, 566, 2, 521, 'B', 'Almost there...');
INSERT INTO public.events VALUES (447, '2015-01-27 14:36:32.374992', 1188, 29430, 833, 2, 480.799988, 'D', 'Who ya gonna call?');
INSERT INTO public.events VALUES (448, '2015-02-11 18:08:06.798191', 1241, 29384, 926, 2, 440.299988, 'C', 'Good work');
INSERT INTO public.events VALUES (449, '2015-03-19 20:38:08.164616', 1189, 29401, 913, 3, 578.799988, 'B', 'What were you thinking?');
INSERT INTO public.events VALUES (450, '2015-03-21 18:22:55.750923', 1169, 29403, 408, 2, 441.5, 'E', 'Good work');
INSERT INTO public.events VALUES (451, '2015-01-27 12:59:08.901558', 1159, 29406, 295, 2, 415.899994, 'B', 'Good work');
INSERT INTO public.events VALUES (452, '2015-03-25 20:18:50.207348', 1223, 29397, 906, 2, 385.100006, 'D', 'Almost there...');
INSERT INTO public.events VALUES (453, '2015-02-16 02:26:59.565868', 1238, 29430, 786, 3, 443.600006, 'A', '');
INSERT INTO public.events VALUES (454, '2015-01-26 10:03:40.236397', 1219, 29410, 660, 2, 478.399994, 'A', '');
INSERT INTO public.events VALUES (455, '2015-03-03 16:10:12.700653', 1202, 29408, 249, 3, 399, 'D', 'Good work');
INSERT INTO public.events VALUES (456, '2015-02-25 11:13:40.982552', 1151, 29364, 188, 1, 552.299988, 'B', '');
INSERT INTO public.events VALUES (457, '2015-02-13 09:04:32.969055', 1178, 29400, 895, 1, 418.100006, 'E', 'Almost there...');
INSERT INTO public.events VALUES (458, '2015-03-20 17:30:25.73204', 1207, 29354, 827, 2, 563.099976, 'E', 'Good work');
INSERT INTO public.events VALUES (459, '2015-01-30 02:51:36.154118', 1192, 29401, 826, 1, 429.100006, 'B', '');
INSERT INTO public.events VALUES (460, '2015-02-10 05:40:56.834793', 1221, 29415, 969, 3, 524.299988, 'B', '');
INSERT INTO public.events VALUES (461, '2015-01-24 22:18:13.881226', 1199, 29412, 214, 3, 392.600006, 'E', '');
INSERT INTO public.events VALUES (462, '2015-01-25 15:18:28.474159', 1153, 29378, 639, 3, 491.700012, 'A', '');
INSERT INTO public.events VALUES (463, '2015-03-14 22:21:05.947723', 1232, 29359, 874, 2, 483.799988, 'E', '');
INSERT INTO public.events VALUES (464, '2015-03-12 08:50:31.271267', 1226, 29431, 368, 2, 390.299988, 'E', '');
INSERT INTO public.events VALUES (465, '2015-03-01 02:07:58.476906', 1239, 29415, 347, 3, 530.5, 'A', 'What were you thinking?');
INSERT INTO public.events VALUES (466, '2015-01-25 05:54:29.750118', 1239, 29369, 768, 1, 571.299988, 'B', 'Good work');
INSERT INTO public.events VALUES (467, '2015-03-15 01:01:25.889912', 1166, 29434, 143, 3, 566.400024, 'D', '');
INSERT INTO public.events VALUES (468, '2015-03-06 18:09:24.048386', 1210, 29414, 802, 2, 464.200012, 'B', '');
INSERT INTO public.events VALUES (469, '2015-02-10 09:34:28.832016', 1174, 29364, 231, 2, 541.200012, 'D', 'Who ya gonna call?');
INSERT INTO public.events VALUES (470, '2015-02-07 22:07:29.332237', 1170, 29409, 14, 2, 495.100006, 'E', '');
INSERT INTO public.events VALUES (471, '2015-03-10 21:57:38.910656', 1209, 29389, 982, 2, 501.5, 'E', 'Almost there...');
INSERT INTO public.events VALUES (472, '2015-03-21 21:16:50.732746', 1167, 29415, 890, 1, 498.899994, 'D', 'What were you thinking?');
INSERT INTO public.events VALUES (473, '2015-03-14 10:02:19.0131', 1149, 29365, 539, 3, 521.299988, 'E', '');
INSERT INTO public.events VALUES (474, '2015-03-23 07:19:36.492405', 1159, 29431, 115, 2, 498.299988, 'E', '');
INSERT INTO public.events VALUES (475, '2015-03-20 18:56:07.176533', 1208, 29418, 582, 2, 454, 'E', 'What were you thinking?');
INSERT INTO public.events VALUES (476, '2015-01-30 22:01:44.321194', 1184, 29433, 597, 2, 450.899994, 'B', 'Who ya gonna call?');
INSERT INTO public.events VALUES (477, '2015-02-02 22:11:38.272991', 1173, 29394, 941, 1, 553.099976, 'B', 'Who ya gonna call?');
INSERT INTO public.events VALUES (478, '2015-02-24 02:29:40.019474', 1242, 29423, 704, 2, 515.599976, 'C', '');
INSERT INTO public.events VALUES (479, '2015-02-16 01:47:28.988342', 1190, 29415, 329, 2, 403.799988, 'D', '');
INSERT INTO public.events VALUES (480, '2015-03-20 18:28:32.87241', 1191, 29409, 683, 1, 444.600006, 'C', 'Almost there...');
INSERT INTO public.events VALUES (481, '2015-01-24 05:24:40.834293', 1162, 29406, 986, 3, 581.700012, 'B', 'Almost there...');
INSERT INTO public.events VALUES (482, '2015-02-11 15:17:57.230072', 1240, 29369, 834, 3, 458.899994, 'A', 'Good work');
INSERT INTO public.events VALUES (483, '2015-03-06 14:24:47.1068', 1185, 29376, 525, 1, 541, 'B', '');
INSERT INTO public.events VALUES (484, '2015-02-02 20:11:26.110783', 1194, 29366, 941, 3, 528.599976, 'C', 'Who ya gonna call?');
INSERT INTO public.events VALUES (485, '2015-01-24 16:27:15.577583', 1217, 29361, 729, 2, 414.5, 'A', '');
INSERT INTO public.events VALUES (486, '2015-01-24 03:16:21.87561', 1188, 29374, 681, 2, 389.600006, 'E', 'Good work');
INSERT INTO public.events VALUES (487, '2015-03-05 23:53:18.120975', 1218, 29431, 901, 2, 544.5, 'D', 'Good work');
INSERT INTO public.events VALUES (488, '2015-02-08 18:58:59.497948', 1169, 29363, 581, 3, 432.799988, 'A', 'Who ya gonna call?');
INSERT INTO public.events VALUES (489, '2015-02-14 12:51:27.282658', 1240, 29410, 557, 3, 482.100006, 'E', '');
INSERT INTO public.events VALUES (490, '2015-02-09 00:24:34.622726', 1238, 29364, 421, 2, 492.600006, 'A', '');
INSERT INTO public.events VALUES (491, '2015-02-27 19:35:14.396954', 1213, 29431, 860, 1, 448.5, 'B', 'Good work');
INSERT INTO public.events VALUES (492, '2015-03-19 22:44:20.766792', 1248, 29350, 827, 3, 494.899994, 'E', '');
INSERT INTO public.events VALUES (493, '2015-03-03 10:23:40.497036', 1165, 29415, 796, 3, 483.299988, 'A', '');
INSERT INTO public.events VALUES (494, '2015-01-24 16:15:36.200809', 1160, 29384, 737, 2, 436.5, 'B', '');
INSERT INTO public.events VALUES (495, '2015-02-05 16:54:53.123531', 1243, 29362, 398, 2, 538.200012, 'E', 'What were you thinking?');
INSERT INTO public.events VALUES (496, '2015-03-23 08:55:44.966125', 1242, 29385, 876, 3, 532.799988, 'B', 'Who ya gonna call?');
INSERT INTO public.events VALUES (497, '2015-02-03 19:37:52.231865', 1216, 29413, 215, 2, 510.399994, 'D', 'Almost there...');
INSERT INTO public.events VALUES (498, '2015-03-12 08:39:45.85968', 1162, 29419, 527, 3, 493.299988, 'C', 'Good work');
INSERT INTO public.events VALUES (499, '2015-01-23 15:15:27.006626', 1245, 29406, 427, 3, 448.600006, 'C', 'Who ya gonna call?');
INSERT INTO public.events VALUES (500, '2015-03-07 06:57:35.398464', 1241, 29372, 837, 1, 509.799988, 'C', '');
INSERT INTO public.events VALUES (501, '2015-03-02 01:00:06.062222', 1174, 29398, 20, 1, 454.899994, 'C', '');
INSERT INTO public.events VALUES (502, '2015-03-11 23:53:20.327682', 1182, 29351, 496, 2, 491.100006, 'C', '');
INSERT INTO public.events VALUES (503, '2015-01-30 06:46:41.409817', 1180, 29407, 921, 3, 502.5, 'A', '');
INSERT INTO public.events VALUES (504, '2015-02-21 01:23:01.551361', 1234, 29397, 119, 1, 434.899994, 'B', 'Good work');
INSERT INTO public.events VALUES (505, '2015-02-19 10:08:39.941711', 1246, 29364, 703, 3, 484, 'C', 'What were you thinking?');
INSERT INTO public.events VALUES (506, '2015-02-12 08:10:06.066799', 1190, 29415, 888, 2, 562.900024, 'E', 'Almost there...');
INSERT INTO public.events VALUES (507, '2015-02-06 15:49:39.869843', 1168, 29368, 269, 3, 537.900024, 'C', '');
INSERT INTO public.events VALUES (508, '2015-03-14 14:55:33.031368', 1230, 29355, 465, 3, 567.400024, 'D', 'Almost there...');
INSERT INTO public.events VALUES (509, '2015-01-25 19:48:10.096951', 1168, 29416, 607, 1, 395.799988, 'C', '');
INSERT INTO public.events VALUES (510, '2015-03-18 06:35:58.25386', 1224, 29351, 35, 2, 551.599976, 'B', '');
INSERT INTO public.events VALUES (511, '2015-02-25 07:48:01.522465', 1227, 29370, 288, 3, 520.599976, 'A', '');
INSERT INTO public.events VALUES (512, '2015-02-02 20:13:16.780872', 1240, 29425, 402, 1, 496.5, 'E', 'Almost there...');
INSERT INTO public.events VALUES (513, '2015-02-02 02:48:24.580021', 1247, 29381, 246, 2, 405.200012, 'C', '');
INSERT INTO public.events VALUES (514, '2015-02-01 13:12:31.651096', 1199, 29375, 932, 1, 507.5, 'C', '');
INSERT INTO public.events VALUES (515, '2015-03-26 12:29:17.871723', 1245, 29381, 15, 3, 549.5, 'B', '');
INSERT INTO public.events VALUES (516, '2015-03-17 17:22:25.231247', 1202, 29402, 98, 3, 440.700012, 'D', '');
INSERT INTO public.events VALUES (517, '2015-03-13 03:04:02.772961', 1248, 29365, 651, 2, 458.899994, 'C', '');
INSERT INTO public.events VALUES (518, '2015-02-04 18:47:42.716103', 1205, 29380, 582, 3, 544.299988, 'A', '');
INSERT INTO public.events VALUES (519, '2015-03-07 03:59:13.68576', 1246, 29375, 985, 3, 465.899994, 'D', 'Good work');
INSERT INTO public.events VALUES (520, '2015-03-01 17:21:35.094967', 1238, 29381, 969, 3, 459, 'B', '');
INSERT INTO public.events VALUES (521, '2015-03-14 02:57:24.327164', 1224, 29428, 403, 3, 529, 'A', 'What were you thinking?');
INSERT INTO public.events VALUES (522, '2015-03-07 01:39:52.066097', 1212, 29412, 876, 1, 408.899994, 'A', 'Good work');
INSERT INTO public.events VALUES (523, '2015-02-07 03:31:30.441513', 1198, 29409, 600, 1, 485.600006, 'B', 'Almost there...');
INSERT INTO public.events VALUES (524, '2015-02-16 20:08:37.886066', 1225, 29391, 698, 3, 461.600006, 'B', 'Who ya gonna call?');
INSERT INTO public.events VALUES (525, '2015-01-29 00:26:57.252731', 1183, 29373, 477, 1, 421.700012, 'C', 'Almost there...');
INSERT INTO public.events VALUES (526, '2015-03-17 16:33:31.384678', 1159, 29431, 753, 2, 544.200012, 'A', '');
INSERT INTO public.events VALUES (527, '2015-02-21 17:24:10.905991', 1168, 29386, 196, 1, 527.599976, 'C', 'What were you thinking?');
INSERT INTO public.events VALUES (528, '2015-02-11 15:32:31.776123', 1180, 29367, 9, 3, 441.399994, 'A', 'Good work');
INSERT INTO public.events VALUES (529, '2015-02-24 04:55:20.901775', 1180, 29352, 994, 1, 542.5, 'D', '');
INSERT INTO public.events VALUES (530, '2015-02-15 13:40:04.353619', 1160, 29360, 657, 2, 474.200012, 'A', '');
INSERT INTO public.events VALUES (531, '2015-03-17 06:05:08.070374', 1193, 29397, 786, 1, 397.600006, 'C', '');
INSERT INTO public.events VALUES (532, '2015-02-28 16:23:45.25034', 1216, 29371, 16, 3, 450, 'A', '');
INSERT INTO public.events VALUES (533, '2015-03-10 01:38:23.321457', 1167, 29405, 940, 1, 496.200012, 'D', 'What were you thinking?');
INSERT INTO public.events VALUES (534, '2015-02-05 15:30:05.546379', 1219, 29425, 269, 3, 561.400024, 'C', '');
INSERT INTO public.events VALUES (535, '2015-01-26 00:52:41.03096', 1156, 29349, 193, 3, 503.299988, 'B', 'Almost there...');
INSERT INTO public.events VALUES (536, '2015-03-04 08:02:47.671108', 1206, 29352, 197, 2, 430.899994, 'A', '');
INSERT INTO public.events VALUES (537, '2015-02-08 01:38:07.696838', 1243, 29428, 521, 3, 538.099976, 'C', 'Who ya gonna call?');
INSERT INTO public.events VALUES (538, '2015-03-17 13:22:22.039204', 1218, 29432, 491, 2, 413.100006, 'E', 'Almost there...');
INSERT INTO public.events VALUES (539, '2015-01-25 10:39:50.51857', 1234, 29423, 922, 1, 493.799988, 'D', 'Who ya gonna call?');
INSERT INTO public.events VALUES (540, '2015-03-14 21:13:31.433887', 1166, 29403, 807, 2, 456.100006, 'E', 'Who ya gonna call?');
INSERT INTO public.events VALUES (541, '2015-02-16 22:38:22.335262', 1150, 29431, 437, 1, 443.799988, 'B', '');
INSERT INTO public.events VALUES (542, '2015-03-06 02:57:27.566414', 1196, 29370, 571, 3, 425.100006, 'E', 'What were you thinking?');
INSERT INTO public.events VALUES (543, '2015-02-12 23:56:12.116089', 1232, 29427, 290, 1, 489.299988, 'D', '');
INSERT INTO public.events VALUES (544, '2015-02-19 00:26:33.040752', 1186, 29382, 281, 1, 484.5, 'D', '');
INSERT INTO public.events VALUES (545, '2015-03-16 06:18:10.956974', 1159, 29408, 451, 3, 394.899994, 'B', 'What were you thinking?');
INSERT INTO public.events VALUES (546, '2015-03-15 01:51:31.664314', 1179, 29354, 743, 3, 439.299988, 'A', 'Almost there...');
INSERT INTO public.events VALUES (547, '2015-01-24 20:19:57.528648', 1190, 29414, 282, 3, 531.599976, 'B', 'Almost there...');
INSERT INTO public.events VALUES (548, '2015-02-22 07:20:18.976021', 1181, 29399, 378, 2, 564.700012, 'D', 'What were you thinking?');
INSERT INTO public.events VALUES (549, '2015-03-21 00:18:09.167404', 1153, 29373, 279, 1, 499.600006, 'A', '');
INSERT INTO public.events VALUES (550, '2015-03-13 03:30:01.709747', 1164, 29408, 458, 2, 502.200012, 'A', 'What were you thinking?');
INSERT INTO public.events VALUES (551, '2015-02-23 22:33:48.979111', 1190, 29427, 575, 1, 513.299988, 'A', 'Who ya gonna call?');
INSERT INTO public.events VALUES (552, '2015-03-17 14:29:03.391228', 1168, 29354, 593, 2, 393.399994, 'B', 'Almost there...');
INSERT INTO public.events VALUES (553, '2015-02-12 06:49:58.540592', 1245, 29381, 901, 2, 581, 'A', 'What were you thinking?');
INSERT INTO public.events VALUES (554, '2015-03-14 14:38:32.500191', 1172, 29351, 79, 2, 455.600006, 'B', '');
INSERT INTO public.events VALUES (555, '2015-03-05 04:47:10.353642', 1178, 29393, 333, 3, 407.299988, 'C', '');
INSERT INTO public.events VALUES (556, '2015-03-22 06:23:39.001865', 1175, 29395, 819, 3, 521.200012, 'C', '');
INSERT INTO public.events VALUES (557, '2015-02-20 22:18:46.716614', 1217, 29426, 522, 1, 455.5, 'C', '');
INSERT INTO public.events VALUES (558, '2015-02-27 12:58:14.488335', 1209, 29376, 935, 2, 515.299988, 'A', 'Good work');
INSERT INTO public.events VALUES (559, '2015-03-21 23:26:41.930237', 1179, 29427, 945, 2, 466.700012, 'C', '');
INSERT INTO public.events VALUES (560, '2015-02-10 13:11:12.431087', 1152, 29411, 810, 2, 476.799988, 'A', 'What were you thinking?');
INSERT INTO public.events VALUES (561, '2015-03-22 10:34:02.180729', 1178, 29412, 451, 1, 497.100006, 'B', 'Almost there...');
INSERT INTO public.events VALUES (562, '2015-01-30 21:25:51.151943', 1206, 29370, 13, 1, 489.799988, 'A', 'Almost there...');
INSERT INTO public.events VALUES (563, '2015-02-14 19:53:13.098164', 1215, 29360, 683, 2, 512.099976, 'A', '');
INSERT INTO public.events VALUES (564, '2015-02-12 20:16:20.259418', 1200, 29432, 229, 2, 450.600006, 'E', 'Good work');
INSERT INTO public.events VALUES (565, '2015-03-04 06:34:51.146278', 1224, 29381, 347, 2, 533.099976, 'C', 'Who ya gonna call?');
INSERT INTO public.events VALUES (566, '2015-03-15 01:17:55.377846', 1198, 29352, 533, 3, 414.200012, 'C', 'Almost there...');
INSERT INTO public.events VALUES (567, '2015-01-28 10:51:17.924538', 1156, 29412, 344, 1, 548.200012, 'E', '');
INSERT INTO public.events VALUES (568, '2015-03-19 00:55:04.791355', 1194, 29391, 3, 1, 399.600006, 'A', 'What were you thinking?');
INSERT INTO public.events VALUES (569, '2015-03-04 06:49:36.051235', 1196, 29400, 585, 3, 393.299988, 'B', '');
INSERT INTO public.events VALUES (570, '2015-03-21 20:45:54.312801', 1183, 29419, 285, 3, 458, 'D', '');
INSERT INTO public.events VALUES (571, '2015-01-24 01:57:38.139896', 1198, 29424, 64, 1, 544.200012, 'E', 'Almost there...');
INSERT INTO public.events VALUES (572, '2015-02-04 20:59:24.593983', 1161, 29425, 935, 2, 576.400024, 'C', '');
INSERT INTO public.events VALUES (573, '2015-03-11 11:28:39.552612', 1182, 29385, 232, 2, 494.399994, 'C', '');
INSERT INTO public.events VALUES (574, '2015-02-10 23:48:35.500259', 1247, 29350, 895, 2, 529.200012, 'D', 'What were you thinking?');
INSERT INTO public.events VALUES (575, '2015-03-23 09:02:26.033192', 1197, 29354, 740, 3, 535, 'B', 'Who ya gonna call?');
INSERT INTO public.events VALUES (576, '2015-01-29 03:29:00.568256', 1228, 29370, 964, 3, 440, 'E', 'Almost there...');
INSERT INTO public.events VALUES (577, '2015-03-12 02:46:28.726616', 1155, 29384, 635, 1, 558.700012, 'D', '');
INSERT INTO public.events VALUES (578, '2015-03-01 08:57:59.31776', 1224, 29367, 8, 3, 494.700012, 'D', '');
INSERT INTO public.events VALUES (579, '2015-02-26 23:34:52.215729', 1178, 29395, 579, 1, 404.100006, 'D', 'Good work');
INSERT INTO public.events VALUES (580, '2015-02-10 16:19:44.348488', 1161, 29399, 367, 3, 453, 'E', 'Good work');
INSERT INTO public.events VALUES (581, '2015-01-29 22:44:24.824867', 1246, 29360, 368, 3, 582.5, 'D', '');
INSERT INTO public.events VALUES (582, '2015-03-04 14:19:57.191334', 1218, 29354, 47, 1, 396.200012, 'D', 'Who ya gonna call?');
INSERT INTO public.events VALUES (583, '2015-03-22 01:19:03.144608', 1241, 29420, 128, 3, 543.900024, 'A', 'What were you thinking?');
INSERT INTO public.events VALUES (584, '2015-03-06 17:44:45.832787', 1198, 29356, 211, 1, 439.799988, 'E', 'What were you thinking?');
INSERT INTO public.events VALUES (585, '2015-02-11 01:03:23.656483', 1186, 29384, 886, 3, 437.5, 'A', 'Good work');
INSERT INTO public.events VALUES (586, '2015-02-05 22:16:44.953766', 1234, 29369, 363, 1, 418.5, 'C', '');
INSERT INTO public.events VALUES (587, '2015-02-13 21:06:06.196632', 1235, 29425, 410, 3, 424.100006, 'C', 'Who ya gonna call?');
INSERT INTO public.events VALUES (588, '2015-02-21 05:41:57.95826', 1232, 29359, 279, 3, 396, 'D', 'Almost there...');
INSERT INTO public.events VALUES (589, '2015-01-27 03:53:21.240921', 1212, 29397, 165, 3, 508, 'D', '');
INSERT INTO public.events VALUES (590, '2015-02-19 12:55:50.084209', 1164, 29436, 842, 1, 530.099976, 'A', '');
INSERT INTO public.events VALUES (591, '2015-01-29 03:52:24.126606', 1176, 29400, 343, 2, 546.5, 'D', 'Good work');
INSERT INTO public.events VALUES (592, '2015-02-24 02:16:01.040211', 1247, 29408, 379, 2, 503.700012, 'E', 'Almost there...');
INSERT INTO public.events VALUES (593, '2015-02-28 05:09:25.473175', 1235, 29386, 701, 1, 462.700012, 'A', '');
INSERT INTO public.events VALUES (594, '2015-03-11 19:46:43.883457', 1170, 29351, 306, 2, 560.5, 'E', 'Good work');
INSERT INTO public.events VALUES (595, '2015-03-22 09:49:28.465519', 1231, 29352, 913, 2, 400.700012, 'E', 'Almost there...');
INSERT INTO public.events VALUES (596, '2015-03-04 07:00:40.882874', 1226, 29379, 226, 1, 581.700012, 'D', '');
INSERT INTO public.events VALUES (597, '2015-01-24 13:44:14.164696', 1211, 29434, 715, 1, 458, 'B', 'Almost there...');
INSERT INTO public.events VALUES (598, '2015-02-11 04:19:59.03326', 1206, 29369, 740, 1, 458.700012, 'E', '');
INSERT INTO public.events VALUES (599, '2015-01-30 16:17:13.535385', 1152, 29400, 161, 2, 578.299988, 'D', 'Who ya gonna call?');
INSERT INTO public.events VALUES (600, '2015-01-24 21:32:15.023689', 1175, 29418, 78, 1, 475.5, 'C', 'Almost there...');
INSERT INTO public.events VALUES (601, '2015-02-01 10:40:51.425743', 1230, 29368, 510, 1, 452.100006, 'C', 'Good work');
INSERT INTO public.events VALUES (602, '2015-02-23 01:27:57.917004', 1156, 29433, 468, 3, 577.5, 'D', '');
INSERT INTO public.events VALUES (603, '2015-03-16 18:03:06.183929', 1159, 29396, 65, 3, 549.200012, 'A', 'Who ya gonna call?');
INSERT INTO public.events VALUES (604, '2015-02-19 04:18:55.921955', 1246, 29424, 23, 1, 425, 'A', '');
INSERT INTO public.events VALUES (605, '2015-03-26 18:48:05.993385', 1166, 29390, 783, 1, 513.700012, 'C', '');
INSERT INTO public.events VALUES (606, '2015-02-06 11:54:45.421085', 1189, 29389, 463, 3, 485.899994, 'B', 'Almost there...');
INSERT INTO public.events VALUES (607, '2015-03-14 12:13:59.706516', 1190, 29400, 762, 3, 459.899994, 'A', '');
INSERT INTO public.events VALUES (608, '2015-03-09 19:53:12.078495', 1220, 29391, 271, 3, 448.899994, 'B', 'Good work');
INSERT INTO public.events VALUES (609, '2015-01-28 07:18:56.769104', 1170, 29374, 954, 1, 469.899994, 'A', 'Who ya gonna call?');
INSERT INTO public.events VALUES (610, '2015-02-01 07:05:20.25404', 1171, 29401, 624, 1, 554.599976, 'D', 'Almost there...');
INSERT INTO public.events VALUES (611, '2015-02-08 14:02:25.439243', 1173, 29371, 734, 3, 420, 'A', '');
INSERT INTO public.events VALUES (612, '2015-02-06 16:37:39.390736', 1200, 29401, 825, 1, 479.100006, 'D', 'What were you thinking?');
INSERT INTO public.events VALUES (613, '2015-02-04 05:37:46.058922', 1248, 29365, 681, 1, 578.5, 'C', '');
INSERT INTO public.events VALUES (614, '2015-01-22 11:50:11.125088', 1185, 29365, 297, 1, 469.299988, 'A', 'Who ya gonna call?');
INSERT INTO public.events VALUES (615, '2015-03-09 15:22:59.708576', 1196, 29406, 324, 1, 517.599976, 'D', '');
INSERT INTO public.events VALUES (616, '2015-02-02 11:07:32.69165', 1185, 29429, 433, 1, 509.600006, 'C', '');
INSERT INTO public.events VALUES (617, '2015-03-02 08:30:13.629913', 1182, 29360, 201, 1, 466.200012, 'D', 'What were you thinking?');
INSERT INTO public.events VALUES (618, '2015-03-06 10:46:39.08123', 1185, 29384, 863, 1, 519.700012, 'A', 'Good work');
INSERT INTO public.events VALUES (619, '2015-03-16 14:53:19.954319', 1153, 29352, 19, 2, 455.299988, 'B', 'Who ya gonna call?');
INSERT INTO public.events VALUES (620, '2015-02-19 14:43:25.39999', 1155, 29421, 96, 2, 568.5, 'C', 'What were you thinking?');
INSERT INTO public.events VALUES (621, '2015-03-12 00:39:13.3144', 1205, 29374, 676, 3, 460.899994, 'A', '');
INSERT INTO public.events VALUES (622, '2015-02-10 13:37:52.342587', 1209, 29412, 437, 3, 560.900024, 'E', 'Who ya gonna call?');
INSERT INTO public.events VALUES (623, '2015-03-17 09:08:52.613754', 1197, 29370, 252, 2, 442.700012, 'C', 'Good work');
INSERT INTO public.events VALUES (624, '2015-03-22 16:08:51.487656', 1166, 29378, 966, 1, 521, 'A', '');
INSERT INTO public.events VALUES (625, '2015-02-11 18:04:37.627087', 1212, 29414, 144, 3, 412.700012, 'E', 'Who ya gonna call?');
INSERT INTO public.events VALUES (626, '2015-01-26 09:55:34.565163', 1198, 29411, 348, 1, 525.200012, 'B', 'What were you thinking?');
INSERT INTO public.events VALUES (627, '2015-03-10 01:07:36.336021', 1195, 29376, 450, 3, 408.299988, 'E', '');
INSERT INTO public.events VALUES (628, '2015-02-12 13:15:44.332409', 1224, 29401, 578, 1, 573.599976, 'A', '');
INSERT INTO public.events VALUES (629, '2015-03-18 21:41:52.727737', 1241, 29359, 207, 3, 448.200012, 'B', 'What were you thinking?');
INSERT INTO public.events VALUES (630, '2015-03-20 04:59:53.938637', 1170, 29433, 639, 2, 522.099976, 'C', '');
INSERT INTO public.events VALUES (631, '2015-03-13 04:40:23.500729', 1191, 29364, 485, 3, 454.600006, 'D', 'Who ya gonna call?');
INSERT INTO public.events VALUES (632, '2015-02-03 08:55:28.411961', 1198, 29421, 499, 3, 529.599976, 'E', 'Who ya gonna call?');
INSERT INTO public.events VALUES (633, '2015-03-02 20:29:33.752117', 1176, 29390, 219, 3, 479.899994, 'A', 'Almost there...');
INSERT INTO public.events VALUES (634, '2015-02-01 19:06:07.462635', 1221, 29384, 287, 3, 444.399994, 'E', 'Almost there...');
INSERT INTO public.events VALUES (635, '2015-03-01 23:57:23.361568', 1231, 29394, 560, 2, 558.400024, 'E', 'What were you thinking?');
INSERT INTO public.events VALUES (636, '2015-02-07 03:58:39.758606', 1172, 29374, 429, 3, 396.399994, 'D', '');
INSERT INTO public.events VALUES (637, '2015-03-13 04:26:52.761211', 1240, 29398, 599, 2, 485.700012, 'B', 'Good work');
INSERT INTO public.events VALUES (638, '2015-02-12 00:41:42.757645', 1151, 29418, 799, 1, 513.099976, 'A', 'Good work');
INSERT INTO public.events VALUES (639, '2015-02-08 22:45:22.199249', 1189, 29381, 681, 3, 444.600006, 'E', 'Almost there...');
INSERT INTO public.events VALUES (640, '2015-03-26 01:07:42.005997', 1178, 29359, 493, 3, 500.600006, 'B', 'Who ya gonna call?');
INSERT INTO public.events VALUES (641, '2015-02-14 11:39:31.177483', 1159, 29421, 652, 2, 492.799988, 'D', 'Almost there...');
INSERT INTO public.events VALUES (642, '2015-03-08 20:05:57.813549', 1180, 29388, 269, 3, 557, 'E', 'What were you thinking?');
INSERT INTO public.events VALUES (643, '2015-03-12 21:41:28.456535', 1172, 29427, 561, 1, 411.5, 'E', 'Almost there...');
INSERT INTO public.events VALUES (644, '2015-02-04 07:53:27.839584', 1179, 29396, 572, 3, 432.299988, 'A', 'Who ya gonna call?');
INSERT INTO public.events VALUES (645, '2015-03-19 03:14:52.119026', 1245, 29396, 994, 2, 463.799988, 'A', 'Almost there...');
INSERT INTO public.events VALUES (646, '2015-02-28 00:31:50.093307', 1231, 29393, 392, 2, 392, 'C', 'Who ya gonna call?');
INSERT INTO public.events VALUES (647, '2015-03-23 00:54:03.340874', 1167, 29379, 386, 2, 437.100006, 'D', 'Good work');
INSERT INTO public.events VALUES (648, '2015-02-07 03:45:22.975159', 1171, 29392, 137, 3, 491, 'E', '');
INSERT INTO public.events VALUES (649, '2015-02-08 16:40:47.429466', 1248, 29423, 815, 2, 550.799988, 'D', '');
INSERT INTO public.events VALUES (650, '2015-01-25 18:09:28.93816', 1192, 29419, 592, 2, 437.100006, 'E', '');
INSERT INTO public.events VALUES (651, '2015-03-26 12:51:28.003635', 1149, 29356, 490, 2, 497, 'B', '');
INSERT INTO public.events VALUES (652, '2015-02-25 01:12:43.22794', 1181, 29414, 878, 3, 425.399994, 'D', 'Who ya gonna call?');
INSERT INTO public.events VALUES (653, '2015-01-31 07:29:43.040714', 1244, 29387, 639, 1, 429.399994, 'E', 'What were you thinking?');
INSERT INTO public.events VALUES (654, '2015-02-02 05:55:22.129154', 1185, 29368, 12, 1, 540.900024, 'D', 'Good work');
INSERT INTO public.events VALUES (655, '2015-03-17 06:34:10.694275', 1172, 29368, 644, 3, 514.200012, 'E', 'Good work');
INSERT INTO public.events VALUES (656, '2015-03-21 07:47:42.802792', 1230, 29406, 993, 1, 393.600006, 'D', 'Almost there...');
INSERT INTO public.events VALUES (657, '2015-02-26 19:44:04.101906', 1232, 29381, 304, 3, 401.600006, 'A', 'What were you thinking?');
INSERT INTO public.events VALUES (658, '2015-02-23 19:25:40.169048', 1233, 29352, 942, 2, 412.799988, 'D', '');
INSERT INTO public.events VALUES (659, '2015-02-01 22:29:01.710663', 1214, 29393, 383, 3, 522.799988, 'E', 'Who ya gonna call?');
INSERT INTO public.events VALUES (660, '2015-02-01 21:19:45.415363', 1200, 29430, 384, 1, 535.400024, 'B', '');
INSERT INTO public.events VALUES (661, '2015-01-24 08:13:53.625412', 1155, 29399, 683, 1, 559.299988, 'B', 'What were you thinking?');
INSERT INTO public.events VALUES (662, '2015-03-09 21:32:34.64201', 1209, 29411, 101, 3, 467.299988, 'D', 'Almost there...');
INSERT INTO public.events VALUES (663, '2015-02-03 04:39:17.114124', 1191, 29372, 231, 2, 534.700012, 'A', 'Good work');
INSERT INTO public.events VALUES (664, '2015-02-15 02:23:59.331722', 1201, 29384, 881, 3, 400.299988, 'C', 'Good work');
INSERT INTO public.events VALUES (665, '2015-02-27 21:28:19.287128', 1156, 29401, 499, 2, 534.099976, 'C', '');
INSERT INTO public.events VALUES (666, '2015-02-07 12:08:08.834953', 1197, 29420, 822, 1, 557.5, 'A', 'Who ya gonna call?');
INSERT INTO public.events VALUES (667, '2015-03-07 19:49:53.637085', 1238, 29390, 401, 3, 461.899994, 'A', 'Almost there...');
INSERT INTO public.events VALUES (668, '2015-03-15 09:59:41.839943', 1167, 29420, 77, 2, 418.200012, 'D', 'Good work');
INSERT INTO public.events VALUES (669, '2015-03-16 06:43:00.909061', 1227, 29410, 236, 3, 505.700012, 'A', 'Who ya gonna call?');
INSERT INTO public.events VALUES (670, '2015-02-11 11:16:51.894894', 1172, 29408, 907, 3, 412.5, 'E', '');
INSERT INTO public.events VALUES (671, '2015-03-05 04:04:45.240269', 1247, 29404, 464, 3, 544.900024, 'E', '');
INSERT INTO public.events VALUES (672, '2015-02-12 08:40:50.327969', 1199, 29410, 803, 3, 524.900024, 'E', '');
INSERT INTO public.events VALUES (673, '2015-02-03 11:10:55.18856', 1221, 29427, 997, 3, 445, 'D', 'What were you thinking?');
INSERT INTO public.events VALUES (674, '2015-02-01 21:18:37.501831', 1211, 29356, 861, 3, 535.799988, 'E', '');
INSERT INTO public.events VALUES (675, '2015-02-21 04:42:55.706863', 1166, 29436, 148, 1, 530.799988, 'E', '');
INSERT INTO public.events VALUES (676, '2015-02-09 17:35:17.838764', 1222, 29412, 918, 1, 490.799988, 'E', '');
INSERT INTO public.events VALUES (677, '2015-03-09 08:30:26.574039', 1201, 29352, 421, 1, 573.299988, 'C', '');
INSERT INTO public.events VALUES (678, '2015-01-30 04:05:40.36417', 1200, 29407, 10, 2, 476.700012, 'D', '');
INSERT INTO public.events VALUES (679, '2015-02-11 07:07:14.155655', 1217, 29356, 402, 2, 573.5, 'D', '');
INSERT INTO public.events VALUES (680, '2015-02-01 09:58:25.599117', 1149, 29359, 153, 1, 424.600006, 'A', 'Good work');
INSERT INTO public.events VALUES (681, '2015-03-19 20:26:38.026657', 1193, 29431, 604, 2, 411.100006, 'D', '');
INSERT INTO public.events VALUES (682, '2015-01-30 23:08:51.025887', 1156, 29407, 173, 2, 582.400024, 'E', '');
INSERT INTO public.events VALUES (683, '2015-01-29 18:33:27.322311', 1211, 29393, 781, 2, 389.299988, 'D', '');
INSERT INTO public.events VALUES (684, '2015-02-06 17:48:08.278198', 1243, 29410, 326, 2, 433.600006, 'C', 'Who ya gonna call?');
INSERT INTO public.events VALUES (685, '2015-02-08 15:05:45.156956', 1199, 29371, 390, 2, 466.200012, 'D', '');
INSERT INTO public.events VALUES (686, '2015-03-01 02:07:41.850643', 1202, 29423, 525, 1, 426.799988, 'D', '');
INSERT INTO public.events VALUES (687, '2015-03-05 09:43:56.396027', 1176, 29374, 317, 2, 542.599976, 'B', '');
INSERT INTO public.events VALUES (688, '2015-02-10 21:53:05.343361', 1205, 29385, 814, 2, 393.5, 'D', '');
INSERT INTO public.events VALUES (689, '2015-03-16 22:28:00.656719', 1207, 29435, 542, 3, 451.200012, 'B', '');
INSERT INTO public.events VALUES (690, '2015-03-13 16:11:19.437447', 1167, 29422, 40, 2, 482.700012, 'A', 'Good work');
INSERT INTO public.events VALUES (691, '2015-02-19 23:17:36.345749', 1165, 29351, 299, 3, 418.5, 'A', '');
INSERT INTO public.events VALUES (692, '2015-02-23 22:58:23.45335', 1183, 29388, 801, 2, 563.400024, 'D', '');
INSERT INTO public.events VALUES (693, '2015-03-01 02:59:30.524025', 1245, 29389, 4, 3, 545.299988, 'D', 'What were you thinking?');
INSERT INTO public.events VALUES (694, '2015-01-25 09:35:10.007572', 1210, 29383, 37, 1, 444.600006, 'B', '');
INSERT INTO public.events VALUES (695, '2015-02-15 00:04:06.905708', 1243, 29391, 206, 3, 395.100006, 'A', '');
INSERT INTO public.events VALUES (696, '2015-03-07 21:59:42.4193', 1192, 29367, 726, 3, 564.400024, 'B', 'What were you thinking?');
INSERT INTO public.events VALUES (697, '2015-03-20 14:06:44.749203', 1173, 29370, 341, 1, 564.900024, 'B', 'Good work');
INSERT INTO public.events VALUES (698, '2015-02-06 08:01:29.74371', 1212, 29425, 694, 2, 514, 'A', 'Almost there...');
INSERT INTO public.events VALUES (699, '2015-02-23 03:22:05.243855', 1217, 29372, 887, 3, 469.200012, 'E', 'What were you thinking?');
INSERT INTO public.events VALUES (700, '2015-02-03 06:47:16.475086', 1157, 29381, 669, 1, 455.299988, 'C', '');
INSERT INTO public.events VALUES (701, '2015-03-09 11:44:42.827854', 1248, 29418, 935, 3, 487.799988, 'A', 'Almost there...');
INSERT INTO public.events VALUES (702, '2015-03-16 17:16:50.965347', 1210, 29415, 77, 3, 544, 'E', 'Almost there...');
INSERT INTO public.events VALUES (703, '2015-03-25 22:43:33.28783', 1167, 29386, 847, 3, 397.100006, 'B', '');
INSERT INTO public.events VALUES (704, '2015-02-22 22:02:09.841232', 1186, 29414, 759, 1, 477.200012, 'D', 'Good work');
INSERT INTO public.events VALUES (705, '2015-02-02 23:05:32.754421', 1193, 29397, 551, 1, 553.799988, 'D', '');
INSERT INTO public.events VALUES (706, '2015-03-21 04:40:35.669804', 1232, 29422, 690, 3, 495.200012, 'B', 'Almost there...');
INSERT INTO public.events VALUES (707, '2015-02-04 12:30:53.37553', 1209, 29363, 963, 3, 407.399994, 'D', '');
INSERT INTO public.events VALUES (708, '2015-03-11 23:32:25.859814', 1215, 29375, 189, 2, 420.200012, 'A', '');
INSERT INTO public.events VALUES (709, '2015-02-07 09:44:43.545399', 1149, 29397, 997, 3, 547.599976, 'A', 'Who ya gonna call?');
INSERT INTO public.events VALUES (710, '2015-02-20 17:45:01.689148', 1243, 29372, 12, 2, 460.700012, 'B', 'What were you thinking?');
INSERT INTO public.events VALUES (711, '2015-03-18 05:06:47.347298', 1188, 29368, 695, 1, 582.900024, 'A', '');
INSERT INTO public.events VALUES (712, '2015-02-07 04:23:06.881447', 1178, 29401, 412, 1, 441, 'D', 'Good work');
INSERT INTO public.events VALUES (713, '2015-02-24 23:22:44.651299', 1150, 29432, 826, 1, 475, 'B', '');
INSERT INTO public.events VALUES (714, '2015-01-22 13:01:35.952702', 1194, 29388, 557, 2, 427.200012, 'E', '');
INSERT INTO public.events VALUES (715, '2015-02-15 03:23:20.0247', 1239, 29362, 636, 3, 513.799988, 'A', 'Who ya gonna call?');
INSERT INTO public.events VALUES (716, '2015-01-23 09:01:31.362476', 1226, 29352, 235, 2, 410.200012, 'E', '');
INSERT INTO public.events VALUES (717, '2015-02-05 20:06:41.741695', 1221, 29385, 826, 1, 519.400024, 'C', 'Good work');
INSERT INTO public.events VALUES (718, '2015-01-29 05:33:19.011326', 1214, 29409, 52, 2, 563, 'C', '');
INSERT INTO public.events VALUES (719, '2015-02-23 14:09:30.18013', 1197, 29379, 958, 1, 543.900024, 'D', '');
INSERT INTO public.events VALUES (720, '2015-02-02 06:03:21.535606', 1190, 29411, 326, 1, 510.100006, 'E', '');
INSERT INTO public.events VALUES (721, '2015-03-25 12:03:48.726768', 1155, 29384, 14, 1, 560.5, 'C', '');
INSERT INTO public.events VALUES (722, '2015-01-31 09:43:07.629604', 1201, 29401, 562, 2, 531.099976, 'D', 'Almost there...');
INSERT INTO public.events VALUES (723, '2015-02-06 10:26:13.297977', 1195, 29383, 926, 2, 559.200012, 'D', '');
INSERT INTO public.events VALUES (724, '2015-03-15 15:28:58.17358', 1150, 29380, 164, 3, 465.100006, 'B', '');
INSERT INTO public.events VALUES (725, '2015-03-24 19:59:45.263729', 1163, 29420, 668, 2, 558.200012, 'E', 'Who ya gonna call?');
INSERT INTO public.events VALUES (726, '2015-02-10 06:02:18.707542', 1193, 29431, 703, 2, 432, 'D', '');
INSERT INTO public.events VALUES (727, '2015-02-28 13:47:08.394127', 1208, 29416, 183, 1, 408.600006, 'C', 'Almost there...');
INSERT INTO public.events VALUES (728, '2015-03-21 21:53:15.063686', 1188, 29400, 306, 1, 403.700012, 'B', '');
INSERT INTO public.events VALUES (729, '2015-02-02 19:24:50.135765', 1162, 29358, 540, 1, 402.299988, 'E', 'What were you thinking?');
INSERT INTO public.events VALUES (730, '2015-03-23 14:39:03.885899', 1175, 29369, 760, 3, 525.700012, 'C', 'Good work');
INSERT INTO public.events VALUES (731, '2015-03-03 12:46:24.845352', 1171, 29362, 564, 3, 505.399994, 'E', '');
INSERT INTO public.events VALUES (732, '2015-03-14 14:27:24.066238', 1200, 29366, 568, 3, 456.799988, 'E', 'Good work');
INSERT INTO public.events VALUES (733, '2015-03-07 07:42:05.699329', 1209, 29415, 270, 3, 400, 'C', 'Almost there...');
INSERT INTO public.events VALUES (734, '2015-02-14 16:47:20.594101', 1158, 29367, 479, 2, 487.899994, 'A', '');
INSERT INTO public.events VALUES (735, '2015-02-27 15:48:57.700367', 1206, 29417, 803, 2, 526.5, 'D', '');
INSERT INTO public.events VALUES (736, '2015-02-23 20:31:39.343872', 1245, 29431, 657, 2, 557.299988, 'A', 'Almost there...');
INSERT INTO public.events VALUES (737, '2015-02-08 00:05:36.633968', 1181, 29381, 463, 3, 397.799988, 'C', 'What were you thinking?');
INSERT INTO public.events VALUES (738, '2015-03-16 01:28:06.192799', 1207, 29408, 581, 3, 502.100006, 'B', 'Almost there...');
INSERT INTO public.events VALUES (739, '2015-03-05 10:15:08.92725', 1170, 29408, 873, 3, 447.100006, 'B', 'What were you thinking?');
INSERT INTO public.events VALUES (740, '2015-02-16 05:57:44.027882', 1175, 29427, 169, 1, 428.600006, 'C', 'Almost there...');
INSERT INTO public.events VALUES (741, '2015-03-19 13:17:21.128826', 1206, 29364, 815, 1, 525.900024, 'C', '');
INSERT INTO public.events VALUES (742, '2015-03-06 17:34:10.350094', 1197, 29351, 53, 3, 569.900024, 'C', '');
INSERT INTO public.events VALUES (743, '2015-01-29 21:58:46.360703', 1226, 29393, 793, 2, 456, 'B', 'Almost there...');
INSERT INTO public.events VALUES (744, '2015-02-15 16:47:40.990047', 1150, 29399, 62, 3, 437.799988, 'D', '');
INSERT INTO public.events VALUES (745, '2015-02-15 07:18:01.130219', 1176, 29395, 262, 2, 502.799988, 'B', 'Good work');
INSERT INTO public.events VALUES (746, '2015-02-22 03:37:10.392838', 1181, 29363, 664, 1, 462.899994, 'C', '');
INSERT INTO public.events VALUES (747, '2015-02-15 00:43:16.986866', 1230, 29426, 404, 3, 550.900024, 'D', '');
INSERT INTO public.events VALUES (748, '2015-02-12 11:00:16.749859', 1247, 29402, 838, 3, 577, 'E', 'Good work');
INSERT INTO public.events VALUES (749, '2015-02-03 19:08:51.03447', 1164, 29434, 768, 1, 556.900024, 'E', 'Almost there...');
INSERT INTO public.events VALUES (750, '2015-01-24 11:26:44.991817', 1208, 29361, 562, 3, 500.700012, 'B', 'Almost there...');
INSERT INTO public.events VALUES (751, '2015-02-01 02:25:47.550488', 1182, 29428, 317, 1, 392.5, 'E', '');
INSERT INTO public.events VALUES (752, '2015-03-08 14:57:38.906364', 1186, 29424, 588, 3, 528.799988, 'B', 'Who ya gonna call?');
INSERT INTO public.events VALUES (753, '2015-02-18 04:22:25.185757', 1159, 29411, 27, 3, 481.5, 'A', 'Good work');
INSERT INTO public.events VALUES (754, '2015-03-26 14:06:10.113945', 1162, 29405, 964, 3, 557.299988, 'C', 'What were you thinking?');
INSERT INTO public.events VALUES (889, '2015-02-08 14:23:59.179802', 1164, 29421, 997, 2, 443.700012, 'D', '');
INSERT INTO public.events VALUES (755, '2015-03-16 04:04:57.818756', 1242, 29389, 963, 2, 447.5, 'D', 'Who ya gonna call?');
INSERT INTO public.events VALUES (756, '2015-02-26 02:35:15.590858', 1214, 29406, 447, 3, 515.200012, 'A', 'Who ya gonna call?');
INSERT INTO public.events VALUES (757, '2015-02-22 11:18:56.96909', 1216, 29351, 342, 1, 544.5, 'B', 'Who ya gonna call?');
INSERT INTO public.events VALUES (758, '2015-01-26 08:02:54.710941', 1217, 29428, 770, 3, 553.900024, 'B', '');
INSERT INTO public.events VALUES (759, '2015-02-07 13:41:22.747078', 1218, 29435, 898, 2, 562.099976, 'B', 'Who ya gonna call?');
INSERT INTO public.events VALUES (760, '2015-03-12 00:22:49.882679', 1197, 29421, 220, 2, 449.399994, 'A', 'Almost there...');
INSERT INTO public.events VALUES (761, '2015-02-25 12:09:48.759899', 1248, 29434, 187, 2, 573.299988, 'E', '');
INSERT INTO public.events VALUES (762, '2015-03-17 02:07:48.854427', 1241, 29403, 865, 1, 560.900024, 'A', 'What were you thinking?');
INSERT INTO public.events VALUES (763, '2015-03-05 20:18:16.947098', 1181, 29398, 569, 1, 439.200012, 'E', 'What were you thinking?');
INSERT INTO public.events VALUES (764, '2015-02-17 21:51:33.223', 1184, 29434, 399, 1, 510.899994, 'B', 'Who ya gonna call?');
INSERT INTO public.events VALUES (765, '2015-02-09 16:28:37.985344', 1149, 29359, 113, 1, 498, 'B', 'Who ya gonna call?');
INSERT INTO public.events VALUES (766, '2015-02-19 06:56:40.956917', 1225, 29398, 413, 3, 584.400024, 'C', '');
INSERT INTO public.events VALUES (767, '2015-02-14 03:15:36.775875', 1227, 29430, 975, 2, 422.899994, 'B', '');
INSERT INTO public.events VALUES (768, '2015-03-18 04:08:30.615349', 1180, 29394, 422, 3, 508.5, 'E', 'Almost there...');
INSERT INTO public.events VALUES (769, '2015-03-07 19:13:17.600555', 1179, 29434, 666, 3, 428.700012, 'E', 'Almost there...');
INSERT INTO public.events VALUES (770, '2015-02-10 08:06:57.716503', 1247, 29369, 416, 1, 476.5, 'D', '');
INSERT INTO public.events VALUES (771, '2015-03-26 05:29:22.139225', 1202, 29368, 543, 3, 419, 'C', 'Good work');
INSERT INTO public.events VALUES (772, '2015-02-26 00:19:21.18021', 1179, 29433, 467, 1, 507.700012, 'B', 'What were you thinking?');
INSERT INTO public.events VALUES (773, '2015-03-05 11:15:18.190956', 1162, 29431, 180, 2, 548.799988, 'A', 'Who ya gonna call?');
INSERT INTO public.events VALUES (774, '2015-03-14 11:11:21.741142', 1174, 29359, 771, 3, 549.5, 'D', 'Almost there...');
INSERT INTO public.events VALUES (775, '2015-03-26 19:09:18.732891', 1170, 29420, 223, 2, 567.200012, 'A', 'Who ya gonna call?');
INSERT INTO public.events VALUES (776, '2015-03-07 00:06:55.089226', 1210, 29388, 906, 1, 464.600006, 'B', 'Who ya gonna call?');
INSERT INTO public.events VALUES (777, '2015-01-27 07:25:53.535461', 1218, 29411, 40, 1, 582.099976, 'A', '');
INSERT INTO public.events VALUES (778, '2015-03-05 06:56:01.712551', 1231, 29360, 590, 1, 521.599976, 'D', '');
INSERT INTO public.events VALUES (779, '2015-02-17 15:42:55.75922', 1229, 29431, 535, 2, 556.400024, 'B', '');
INSERT INTO public.events VALUES (780, '2015-02-14 08:41:19.942131', 1205, 29355, 173, 3, 526.099976, 'E', 'Almost there...');
INSERT INTO public.events VALUES (781, '2015-01-27 19:52:53.621464', 1195, 29377, 537, 2, 480.399994, 'A', 'What were you thinking?');
INSERT INTO public.events VALUES (782, '2015-03-23 06:20:46.070194', 1194, 29364, 643, 2, 453.5, 'B', '');
INSERT INTO public.events VALUES (783, '2015-03-03 16:29:38.766346', 1163, 29363, 757, 3, 419, 'B', '');
INSERT INTO public.events VALUES (784, '2015-02-19 14:04:14.147243', 1163, 29434, 381, 3, 494.200012, 'A', 'Who ya gonna call?');
INSERT INTO public.events VALUES (785, '2015-02-06 16:47:29.166012', 1153, 29358, 316, 1, 564.700012, 'D', 'Who ya gonna call?');
INSERT INTO public.events VALUES (786, '2015-01-23 19:52:43.146687', 1179, 29381, 346, 3, 533.700012, 'A', 'Good work');
INSERT INTO public.events VALUES (787, '2015-03-16 03:05:19.958782', 1226, 29366, 4, 2, 522.700012, 'B', 'What were you thinking?');
INSERT INTO public.events VALUES (788, '2015-02-13 14:39:07.938824', 1153, 29422, 517, 3, 499.899994, 'A', 'What were you thinking?');
INSERT INTO public.events VALUES (789, '2015-03-07 10:47:33.298759', 1173, 29412, 665, 2, 466.600006, 'B', '');
INSERT INTO public.events VALUES (790, '2015-02-04 22:50:45.619583', 1235, 29388, 327, 1, 518.700012, 'C', '');
INSERT INTO public.events VALUES (791, '2015-02-05 20:30:10.663605', 1169, 29434, 598, 2, 546.900024, 'A', 'Good work');
INSERT INTO public.events VALUES (792, '2015-02-13 06:55:45.189285', 1186, 29400, 542, 2, 385.5, 'B', 'Almost there...');
INSERT INTO public.events VALUES (793, '2015-02-06 05:04:29.455147', 1221, 29353, 72, 1, 556.200012, 'D', 'Good work');
INSERT INTO public.events VALUES (794, '2015-03-04 19:42:37.751942', 1242, 29358, 375, 2, 530.900024, 'A', 'Who ya gonna call?');
INSERT INTO public.events VALUES (795, '2015-03-13 12:51:21.288242', 1230, 29401, 239, 1, 540.900024, 'C', '');
INSERT INTO public.events VALUES (796, '2015-03-21 12:33:09.225769', 1185, 29435, 883, 3, 492.600006, 'A', 'Who ya gonna call?');
INSERT INTO public.events VALUES (797, '2015-03-07 18:24:44.147358', 1179, 29429, 282, 3, 444, 'D', 'What were you thinking?');
INSERT INTO public.events VALUES (798, '2015-02-09 15:32:06.503277', 1156, 29351, 340, 1, 438.799988, 'E', 'Almost there...');
INSERT INTO public.events VALUES (799, '2015-02-03 23:43:11.657639', 1228, 29367, 303, 1, 545.5, 'E', '');
INSERT INTO public.events VALUES (800, '2015-01-24 11:35:59.640026', 1244, 29403, 633, 1, 535.5, 'C', 'Good work');
INSERT INTO public.events VALUES (801, '2015-02-17 20:10:51.460075', 1159, 29359, 403, 3, 400.899994, 'C', '');
INSERT INTO public.events VALUES (802, '2015-03-23 15:48:26.471729', 1217, 29383, 860, 3, 431.399994, 'B', '');
INSERT INTO public.events VALUES (803, '2015-02-01 09:05:31.906414', 1173, 29376, 183, 2, 477.399994, 'E', 'Who ya gonna call?');
INSERT INTO public.events VALUES (804, '2015-02-20 09:22:53.508167', 1227, 29372, 660, 1, 471.899994, 'C', 'Good work');
INSERT INTO public.events VALUES (805, '2015-02-21 01:55:28.698635', 1161, 29383, 82, 3, 502.600006, 'E', 'Who ya gonna call?');
INSERT INTO public.events VALUES (806, '2015-03-16 20:32:16.536026', 1165, 29410, 956, 2, 521.299988, 'E', 'Almost there...');
INSERT INTO public.events VALUES (807, '2015-01-24 18:02:47.33036', 1200, 29381, 426, 2, 450.399994, 'E', '');
INSERT INTO public.events VALUES (808, '2015-03-05 12:27:47.090321', 1202, 29399, 973, 3, 418.100006, 'A', 'What were you thinking?');
INSERT INTO public.events VALUES (809, '2015-02-19 07:01:44.640484', 1165, 29432, 701, 3, 393.200012, 'D', 'Who ya gonna call?');
INSERT INTO public.events VALUES (810, '2015-01-31 01:52:21.169739', 1178, 29363, 531, 2, 568.700012, 'B', 'Who ya gonna call?');
INSERT INTO public.events VALUES (811, '2015-01-30 02:14:19.856129', 1169, 29356, 818, 1, 516.799988, 'A', 'Good work');
INSERT INTO public.events VALUES (812, '2015-02-23 09:02:12.257366', 1169, 29364, 867, 2, 494.299988, 'E', 'Almost there...');
INSERT INTO public.events VALUES (813, '2015-02-03 20:11:27.776756', 1177, 29355, 774, 1, 543.099976, 'C', 'Good work');
INSERT INTO public.events VALUES (814, '2015-03-23 14:13:52.497597', 1218, 29433, 896, 2, 542, 'B', '');
INSERT INTO public.events VALUES (815, '2015-03-23 10:37:03.527241', 1202, 29355, 105, 1, 475.100006, 'A', '');
INSERT INTO public.events VALUES (816, '2015-01-23 23:10:51.200008', 1167, 29407, 116, 1, 550.299988, 'B', '');
INSERT INTO public.events VALUES (817, '2015-03-13 00:05:06.71339', 1199, 29351, 952, 2, 516.700012, 'B', 'Almost there...');
INSERT INTO public.events VALUES (818, '2015-02-23 07:37:31.776695', 1205, 29432, 579, 2, 426.399994, 'B', 'Who ya gonna call?');
INSERT INTO public.events VALUES (819, '2015-02-15 02:37:18.715839', 1177, 29428, 332, 1, 445.299988, 'B', 'Almost there...');
INSERT INTO public.events VALUES (820, '2015-01-29 22:20:25.696564', 1160, 29422, 199, 1, 565.099976, 'D', 'What were you thinking?');
INSERT INTO public.events VALUES (821, '2015-03-04 23:56:17.559471', 1173, 29356, 314, 2, 403, 'E', 'Good work');
INSERT INTO public.events VALUES (822, '2015-01-31 10:59:41.584167', 1162, 29401, 175, 1, 577.799988, 'C', 'What were you thinking?');
INSERT INTO public.events VALUES (823, '2015-03-16 19:47:40.014153', 1207, 29395, 785, 1, 558.900024, 'E', 'Good work');
INSERT INTO public.events VALUES (824, '2015-03-26 22:16:59.509792', 1202, 29362, 901, 3, 450.5, 'C', 'Good work');
INSERT INTO public.events VALUES (825, '2015-02-04 09:16:19.846573', 1247, 29388, 42, 1, 518.099976, 'C', '');
INSERT INTO public.events VALUES (826, '2015-03-23 18:54:38.612137', 1232, 29429, 34, 1, 439.799988, 'C', '');
INSERT INTO public.events VALUES (827, '2015-01-30 08:55:46.516228', 1178, 29385, 722, 2, 485.200012, 'C', '');
INSERT INTO public.events VALUES (828, '2015-03-07 08:26:20.965233', 1179, 29357, 220, 1, 436.600006, 'A', 'Good work');
INSERT INTO public.events VALUES (829, '2015-01-28 04:11:39.637699', 1157, 29419, 245, 3, 518.599976, 'B', 'Who ya gonna call?');
INSERT INTO public.events VALUES (830, '2015-02-28 01:41:04.732933', 1167, 29407, 21, 1, 554, 'C', '');
INSERT INTO public.events VALUES (831, '2015-03-07 08:40:42.054749', 1166, 29409, 603, 1, 552.200012, 'D', 'Good work');
INSERT INTO public.events VALUES (832, '2015-03-19 13:40:37.333202', 1182, 29360, 294, 1, 505.200012, 'E', '');
INSERT INTO public.events VALUES (833, '2015-03-14 07:21:39.722958', 1223, 29428, 889, 3, 584.299988, 'D', 'What were you thinking?');
INSERT INTO public.events VALUES (834, '2015-01-31 20:44:45.22253', 1154, 29356, 949, 1, 397.899994, 'C', 'Who ya gonna call?');
INSERT INTO public.events VALUES (835, '2015-03-02 22:11:43.193665', 1236, 29371, 279, 3, 481.399994, 'B', '');
INSERT INTO public.events VALUES (836, '2015-01-30 08:55:13.946056', 1207, 29406, 812, 1, 557.900024, 'D', 'Almost there...');
INSERT INTO public.events VALUES (837, '2015-03-04 21:46:10.768261', 1155, 29366, 783, 2, 435.600006, 'B', '');
INSERT INTO public.events VALUES (838, '2015-02-16 00:38:05.614586', 1164, 29436, 295, 1, 576.700012, 'B', '');
INSERT INTO public.events VALUES (839, '2015-02-10 02:44:08.833752', 1167, 29350, 377, 1, 447, 'D', '');
INSERT INTO public.events VALUES (840, '2015-02-19 16:23:22.163601', 1224, 29365, 698, 1, 399.799988, 'A', 'Good work');
INSERT INTO public.events VALUES (841, '2015-02-02 23:40:04.885769', 1164, 29406, 841, 3, 552.400024, 'D', 'Good work');
INSERT INTO public.events VALUES (842, '2015-03-08 14:49:08.232651', 1211, 29428, 908, 2, 435.399994, 'E', '');
INSERT INTO public.events VALUES (843, '2015-02-01 18:16:40.793552', 1227, 29384, 161, 1, 473.5, 'E', 'What were you thinking?');
INSERT INTO public.events VALUES (844, '2015-01-30 02:43:49.179382', 1186, 29404, 136, 3, 538.5, 'A', 'Good work');
INSERT INTO public.events VALUES (845, '2015-02-20 00:27:05.654697', 1168, 29395, 633, 3, 496.299988, 'A', 'Who ya gonna call?');
INSERT INTO public.events VALUES (846, '2015-03-08 16:33:21.424885', 1156, 29412, 366, 3, 522.299988, 'E', 'Who ya gonna call?');
INSERT INTO public.events VALUES (847, '2015-02-04 09:39:49.48946', 1211, 29376, 105, 2, 527, 'C', '');
INSERT INTO public.events VALUES (848, '2015-02-14 07:16:44.685974', 1218, 29393, 765, 3, 501.5, 'C', '');
INSERT INTO public.events VALUES (849, '2015-02-04 16:32:51.795273', 1246, 29433, 842, 1, 527.5, 'A', 'Almost there...');
INSERT INTO public.events VALUES (850, '2015-03-02 11:17:20.314293', 1205, 29429, 137, 1, 545.5, 'D', 'Almost there...');
INSERT INTO public.events VALUES (851, '2015-03-07 20:30:25.549221', 1239, 29426, 414, 1, 544, 'B', 'Who ya gonna call?');
INSERT INTO public.events VALUES (852, '2015-01-28 22:03:15.13092', 1196, 29386, 413, 2, 575.200012, 'E', 'What were you thinking?');
INSERT INTO public.events VALUES (853, '2015-01-30 07:23:03.152962', 1242, 29406, 626, 3, 485.399994, 'B', 'Good work');
INSERT INTO public.events VALUES (854, '2015-02-04 19:38:24.858685', 1239, 29391, 173, 3, 503.600006, 'B', '');
INSERT INTO public.events VALUES (855, '2015-03-20 02:47:23.989563', 1185, 29362, 799, 2, 454.700012, 'C', 'Who ya gonna call?');
INSERT INTO public.events VALUES (856, '2015-03-01 21:54:51.054153', 1168, 29371, 484, 2, 488.799988, 'D', 'Almost there...');
INSERT INTO public.events VALUES (857, '2015-02-09 06:42:38.314133', 1220, 29436, 702, 1, 498.5, 'D', '');
INSERT INTO public.events VALUES (858, '2015-03-05 06:21:31.466045', 1173, 29393, 304, 3, 425.5, 'A', 'Who ya gonna call?');
INSERT INTO public.events VALUES (859, '2015-03-15 00:36:12.71204', 1157, 29358, 290, 1, 557.099976, 'E', 'Almost there...');
INSERT INTO public.events VALUES (860, '2015-03-19 22:34:38.368664', 1163, 29368, 42, 3, 529.099976, 'E', 'Good work');
INSERT INTO public.events VALUES (861, '2015-02-16 10:08:05.460949', 1203, 29429, 646, 1, 489.299988, 'C', 'Good work');
INSERT INTO public.events VALUES (862, '2015-02-02 00:11:35.910072', 1179, 29369, 161, 1, 456, 'C', 'What were you thinking?');
INSERT INTO public.events VALUES (863, '2015-03-10 01:31:26.843491', 1215, 29402, 236, 3, 480.200012, 'E', '');
INSERT INTO public.events VALUES (864, '2015-02-19 12:29:25.081501', 1226, 29398, 554, 1, 548.200012, 'A', 'What were you thinking?');
INSERT INTO public.events VALUES (865, '2015-02-17 23:40:55.990219', 1244, 29433, 641, 3, 565.299988, 'E', 'Almost there...');
INSERT INTO public.events VALUES (866, '2015-02-14 14:07:28.247337', 1187, 29388, 280, 1, 479.799988, 'B', 'What were you thinking?');
INSERT INTO public.events VALUES (867, '2015-03-14 18:21:29.735699', 1168, 29418, 39, 2, 543.5, 'E', 'Good work');
INSERT INTO public.events VALUES (868, '2015-02-16 15:29:33.107529', 1157, 29389, 1, 1, 470.299988, 'B', 'Who ya gonna call?');
INSERT INTO public.events VALUES (869, '2015-02-21 22:34:33.162174', 1225, 29367, 41, 1, 438.700012, 'C', '');
INSERT INTO public.events VALUES (870, '2015-03-18 06:57:14.186268', 1222, 29368, 821, 2, 427.100006, 'C', '');
INSERT INTO public.events VALUES (871, '2015-03-09 17:02:12.011032', 1222, 29401, 174, 1, 509.600006, 'B', '');
INSERT INTO public.events VALUES (872, '2015-03-04 21:33:25.828857', 1230, 29421, 435, 3, 420, 'B', '');
INSERT INTO public.events VALUES (873, '2015-02-05 23:25:35.868073', 1174, 29372, 689, 1, 501.600006, 'B', 'What were you thinking?');
INSERT INTO public.events VALUES (874, '2015-01-29 20:29:48.344193', 1222, 29379, 323, 3, 517.099976, 'B', 'Almost there...');
INSERT INTO public.events VALUES (875, '2015-03-01 07:50:11.653805', 1212, 29383, 815, 2, 538.200012, 'C', 'Good work');
INSERT INTO public.events VALUES (876, '2015-01-24 02:34:07.090244', 1166, 29393, 625, 2, 488.600006, 'C', '');
INSERT INTO public.events VALUES (877, '2015-02-07 07:12:45.589142', 1248, 29378, 71, 2, 424.100006, 'A', '');
INSERT INTO public.events VALUES (878, '2015-02-07 04:51:43.035164', 1215, 29388, 512, 2, 525.400024, 'E', '');
INSERT INTO public.events VALUES (879, '2015-01-28 12:19:37.003098', 1195, 29387, 444, 3, 426.200012, 'A', 'Almost there...');
INSERT INTO public.events VALUES (880, '2015-01-29 04:08:43.474503', 1187, 29422, 502, 1, 442.600006, 'B', 'Who ya gonna call?');
INSERT INTO public.events VALUES (881, '2015-02-08 14:40:48.883438', 1171, 29390, 775, 3, 547.599976, 'D', 'Almost there...');
INSERT INTO public.events VALUES (882, '2015-02-10 04:33:00.251312', 1159, 29420, 635, 1, 433.899994, 'C', '');
INSERT INTO public.events VALUES (883, '2015-03-16 14:12:27.620487', 1190, 29428, 284, 3, 436.299988, 'B', 'Almost there...');
INSERT INTO public.events VALUES (884, '2015-03-26 12:42:32.270794', 1151, 29412, 424, 2, 487.899994, 'E', 'Almost there...');
INSERT INTO public.events VALUES (885, '2015-03-03 18:08:04.251595', 1206, 29428, 471, 1, 404.5, 'D', '');
INSERT INTO public.events VALUES (886, '2015-03-12 00:08:58.999557', 1183, 29377, 227, 1, 420, 'D', '');
INSERT INTO public.events VALUES (887, '2015-01-25 00:47:48.023014', 1190, 29373, 857, 1, 474.299988, 'C', 'Good work');
INSERT INTO public.events VALUES (888, '2015-01-28 22:12:08.636456', 1237, 29425, 12, 1, 544.200012, 'B', 'Almost there...');
INSERT INTO public.events VALUES (890, '2015-02-24 03:49:34.171543', 1170, 29425, 414, 3, 575.200012, 'C', 'Almost there...');
INSERT INTO public.events VALUES (891, '2015-02-24 05:04:18.601856', 1193, 29375, 841, 3, 469.899994, 'B', 'Almost there...');
INSERT INTO public.events VALUES (892, '2015-01-23 11:21:23.796215', 1220, 29423, 296, 2, 564.200012, 'A', 'Good work');
INSERT INTO public.events VALUES (893, '2015-03-10 23:17:13.387756', 1215, 29417, 613, 3, 574.900024, 'E', '');
INSERT INTO public.events VALUES (894, '2015-02-17 13:59:03.614388', 1244, 29358, 236, 3, 521.900024, 'A', 'Who ya gonna call?');
INSERT INTO public.events VALUES (895, '2015-02-25 07:37:27.646523', 1194, 29428, 405, 3, 500.299988, 'B', 'What were you thinking?');
INSERT INTO public.events VALUES (896, '2015-02-14 05:24:56.340466', 1187, 29350, 661, 1, 522.400024, 'E', 'What were you thinking?');
INSERT INTO public.events VALUES (897, '2015-01-27 21:51:18.193188', 1173, 29384, 933, 2, 577.900024, 'B', '');
INSERT INTO public.events VALUES (898, '2015-03-16 11:57:42.215137', 1177, 29405, 615, 3, 448.100006, 'A', 'Who ya gonna call?');
INSERT INTO public.events VALUES (899, '2015-02-27 13:34:27.752266', 1179, 29372, 674, 2, 427.700012, 'A', 'Almost there...');
INSERT INTO public.events VALUES (900, '2015-02-14 09:56:16.837635', 1156, 29408, 259, 2, 494.5, 'E', '');
INSERT INTO public.events VALUES (901, '2015-03-16 22:13:53.716393', 1232, 29431, 859, 2, 417.600006, 'C', 'Good work');
INSERT INTO public.events VALUES (902, '2015-02-26 08:39:32.907829', 1207, 29385, 948, 2, 574.900024, 'C', 'Almost there...');
INSERT INTO public.events VALUES (903, '2015-03-21 19:51:26.383152', 1183, 29369, 551, 3, 411.600006, 'A', '');
INSERT INTO public.events VALUES (904, '2015-03-18 22:03:37.880344', 1201, 29387, 138, 1, 581.700012, 'E', 'Who ya gonna call?');
INSERT INTO public.events VALUES (905, '2015-02-13 22:34:08.100471', 1205, 29354, 30, 3, 492.200012, 'D', 'Good work');
INSERT INTO public.events VALUES (906, '2015-02-28 08:58:32.086201', 1214, 29381, 516, 2, 558.799988, 'C', '');
INSERT INTO public.events VALUES (907, '2015-03-06 21:55:56.894875', 1155, 29389, 92, 1, 578.700012, 'C', 'Good work');
INSERT INTO public.events VALUES (908, '2015-01-25 02:56:08.096638', 1241, 29376, 282, 2, 440.299988, 'E', '');
INSERT INTO public.events VALUES (909, '2015-02-17 23:16:56.645622', 1183, 29419, 860, 2, 386, 'C', '');
INSERT INTO public.events VALUES (910, '2015-03-17 09:46:48.009338', 1232, 29399, 905, 3, 462.299988, 'D', 'What were you thinking?');
INSERT INTO public.events VALUES (911, '2015-02-19 16:17:18.777924', 1193, 29353, 818, 3, 496.899994, 'A', '');
INSERT INTO public.events VALUES (912, '2015-03-07 09:13:51.173229', 1212, 29403, 144, 3, 511.5, 'A', 'What were you thinking?');
INSERT INTO public.events VALUES (913, '2015-01-29 15:07:07.286625', 1226, 29398, 432, 1, 391.200012, 'A', 'Good work');
INSERT INTO public.events VALUES (914, '2015-03-08 19:38:24.426098', 1196, 29382, 517, 1, 555.900024, 'B', 'What were you thinking?');
INSERT INTO public.events VALUES (915, '2015-02-24 20:52:25.806313', 1166, 29409, 93, 1, 495.299988, 'E', '');
INSERT INTO public.events VALUES (916, '2015-02-22 03:43:52.22208', 1201, 29436, 528, 2, 575.099976, 'D', '');
INSERT INTO public.events VALUES (917, '2015-01-28 01:37:38.654308', 1151, 29401, 715, 1, 448.799988, 'E', '');
INSERT INTO public.events VALUES (918, '2015-02-13 15:46:38.016071', 1177, 29357, 908, 3, 414.5, 'C', '');
INSERT INTO public.events VALUES (919, '2015-03-23 12:50:43.06612', 1191, 29403, 318, 3, 574.700012, 'A', 'What were you thinking?');
INSERT INTO public.events VALUES (920, '2015-02-02 11:18:33.027477', 1195, 29360, 865, 2, 425.700012, 'D', '');
INSERT INTO public.events VALUES (921, '2015-02-18 02:31:46.440353', 1153, 29413, 414, 2, 398.100006, 'E', 'Who ya gonna call?');
INSERT INTO public.events VALUES (922, '2015-02-14 18:34:10.629902', 1215, 29357, 958, 2, 438, 'B', '');
INSERT INTO public.events VALUES (923, '2015-02-09 04:19:54.936562', 1221, 29397, 374, 2, 438.5, 'D', '');
INSERT INTO public.events VALUES (924, '2015-02-24 20:34:55.120239', 1206, 29410, 145, 3, 512.900024, 'E', '');
INSERT INTO public.events VALUES (925, '2015-01-28 10:52:10.870056', 1155, 29358, 222, 3, 518.900024, 'C', '');
INSERT INTO public.events VALUES (926, '2015-02-18 16:03:51.187534', 1183, 29411, 156, 3, 441.700012, 'E', 'What were you thinking?');
INSERT INTO public.events VALUES (927, '2015-02-05 14:52:21.114807', 1161, 29432, 320, 1, 448.700012, 'D', 'What were you thinking?');
INSERT INTO public.events VALUES (928, '2015-02-28 21:06:43.445435', 1185, 29352, 140, 3, 519.5, 'E', '');
INSERT INTO public.events VALUES (929, '2015-02-17 11:55:06.476212', 1174, 29370, 107, 2, 411.5, 'E', '');
INSERT INTO public.events VALUES (930, '2015-03-11 04:56:39.091816', 1198, 29366, 859, 3, 409.5, 'D', 'Good work');
INSERT INTO public.events VALUES (931, '2015-02-25 06:39:01.825104', 1163, 29390, 246, 1, 430.5, 'E', 'What were you thinking?');
INSERT INTO public.events VALUES (932, '2015-02-25 07:24:13.345299', 1201, 29380, 477, 3, 472.200012, 'C', 'Almost there...');
INSERT INTO public.events VALUES (933, '2015-03-14 09:05:22.930241', 1192, 29419, 842, 2, 491.700012, 'B', 'What were you thinking?');
INSERT INTO public.events VALUES (934, '2015-02-24 09:29:02.375851', 1247, 29418, 763, 1, 424.399994, 'E', 'Who ya gonna call?');
INSERT INTO public.events VALUES (935, '2015-03-20 19:16:23.993912', 1232, 29410, 96, 3, 468.600006, 'C', '');
INSERT INTO public.events VALUES (936, '2015-02-05 10:34:20.189724', 1171, 29399, 691, 2, 559.099976, 'E', 'What were you thinking?');
INSERT INTO public.events VALUES (937, '2015-03-22 06:09:07.751713', 1149, 29384, 276, 2, 433.700012, 'C', 'Good work');
INSERT INTO public.events VALUES (938, '2015-03-09 00:25:20.232296', 1176, 29408, 514, 1, 434.799988, 'E', '');
INSERT INTO public.events VALUES (939, '2015-01-25 11:26:56.615009', 1212, 29369, 845, 2, 448.399994, 'E', 'Good work');
INSERT INTO public.events VALUES (940, '2015-01-25 02:40:14.155483', 1178, 29362, 743, 2, 554.099976, 'E', '');
INSERT INTO public.events VALUES (941, '2015-02-01 18:14:56.323872', 1209, 29355, 732, 1, 492.799988, 'C', 'Good work');
INSERT INTO public.events VALUES (942, '2015-03-02 00:35:50.773716', 1171, 29396, 5, 2, 388.200012, 'E', '');
INSERT INTO public.events VALUES (943, '2015-02-07 08:18:37.744732', 1170, 29374, 930, 3, 466.299988, 'A', '');
INSERT INTO public.events VALUES (944, '2015-02-02 20:55:27.438641', 1226, 29352, 413, 2, 472.100006, 'C', 'Good work');
INSERT INTO public.events VALUES (945, '2015-03-10 03:48:50.034828', 1215, 29413, 886, 2, 408.700012, 'A', '');
INSERT INTO public.events VALUES (946, '2015-03-10 07:21:18.850651', 1205, 29413, 806, 1, 390.799988, 'E', 'Good work');
INSERT INTO public.events VALUES (947, '2015-02-13 13:04:15.250168', 1239, 29371, 889, 3, 534.5, 'B', '');
INSERT INTO public.events VALUES (948, '2015-03-21 08:18:41.617413', 1164, 29433, 200, 1, 521.599976, 'A', 'Who ya gonna call?');
INSERT INTO public.events VALUES (949, '2015-03-02 06:12:00.253372', 1175, 29389, 651, 3, 399.899994, 'C', '');
INSERT INTO public.events VALUES (950, '2015-01-27 22:39:54.350052', 1190, 29413, 820, 1, 412.899994, 'B', 'Good work');
INSERT INTO public.events VALUES (951, '2015-03-23 11:37:25.6604', 1152, 29411, 671, 3, 386, 'D', 'What were you thinking?');
INSERT INTO public.events VALUES (952, '2015-03-08 05:35:09.763813', 1167, 29429, 955, 1, 548.099976, 'C', 'Good work');
INSERT INTO public.events VALUES (953, '2015-03-08 09:10:44.182491', 1246, 29434, 665, 1, 396.899994, 'D', '');
INSERT INTO public.events VALUES (954, '2015-02-13 17:34:20.747623', 1227, 29377, 810, 2, 386.200012, 'C', 'What were you thinking?');
INSERT INTO public.events VALUES (955, '2015-03-20 00:53:14.746971', 1201, 29385, 625, 2, 527.799988, 'B', 'Good work');
INSERT INTO public.events VALUES (956, '2015-03-12 08:54:55.216084', 1177, 29414, 475, 3, 501.399994, 'B', '');
INSERT INTO public.events VALUES (957, '2015-02-22 04:33:19.594116', 1214, 29416, 393, 2, 552.599976, 'B', '');
INSERT INTO public.events VALUES (958, '2015-02-04 18:45:46.291065', 1180, 29421, 186, 3, 583.900024, 'E', 'What were you thinking?');
INSERT INTO public.events VALUES (959, '2015-02-07 03:42:26.773338', 1181, 29417, 577, 1, 428.399994, 'A', 'Almost there...');
INSERT INTO public.events VALUES (960, '2015-02-28 17:28:27.643604', 1151, 29414, 4, 2, 401.700012, 'B', 'What were you thinking?');
INSERT INTO public.events VALUES (961, '2015-03-09 09:44:23.087654', 1190, 29381, 468, 3, 448.899994, 'D', 'Who ya gonna call?');
INSERT INTO public.events VALUES (962, '2015-01-25 14:54:48.114452', 1185, 29434, 820, 3, 501.5, 'E', 'Good work');
INSERT INTO public.events VALUES (963, '2015-03-05 13:32:05.279331', 1246, 29427, 479, 1, 559.5, 'D', '');
INSERT INTO public.events VALUES (964, '2015-02-21 18:42:17.714767', 1189, 29366, 259, 3, 452.299988, 'E', '');
INSERT INTO public.events VALUES (965, '2015-02-21 21:43:52.554245', 1205, 29380, 221, 2, 386, 'E', '');
INSERT INTO public.events VALUES (966, '2015-02-10 22:16:40.398731', 1177, 29385, 675, 3, 446.100006, 'B', 'Almost there...');
INSERT INTO public.events VALUES (967, '2015-03-27 01:59:24.113331', 1229, 29408, 973, 2, 472.5, 'E', '');
INSERT INTO public.events VALUES (968, '2015-02-26 23:47:01.358585', 1177, 29385, 455, 3, 498.600006, 'B', 'Good work');
INSERT INTO public.events VALUES (969, '2015-02-12 10:19:36.997089', 1173, 29434, 532, 2, 575.799988, 'A', 'Who ya gonna call?');
INSERT INTO public.events VALUES (970, '2015-03-19 00:51:40.499725', 1246, 29394, 232, 1, 402.600006, 'D', '');
INSERT INTO public.events VALUES (971, '2015-02-06 14:31:36.00935', 1199, 29382, 659, 1, 411.5, 'B', '');
INSERT INTO public.events VALUES (972, '2015-03-25 04:50:20.645428', 1166, 29431, 645, 1, 498.399994, 'D', '');
INSERT INTO public.events VALUES (973, '2015-01-27 17:33:33.186264', 1219, 29424, 497, 1, 508.799988, 'D', '');
INSERT INTO public.events VALUES (974, '2015-01-26 14:41:08.311214', 1197, 29424, 42, 1, 457, 'B', '');
INSERT INTO public.events VALUES (975, '2015-03-27 04:54:46.68623', 1238, 29378, 520, 1, 492.200012, 'B', 'Good work');
INSERT INTO public.events VALUES (976, '2015-03-02 08:18:57.751865', 1185, 29352, 989, 1, 428.799988, 'E', 'Good work');
INSERT INTO public.events VALUES (977, '2015-01-30 05:38:14.17448', 1247, 29383, 66, 2, 493.200012, 'B', '');
INSERT INTO public.events VALUES (978, '2015-03-03 22:54:26.07399', 1220, 29370, 491, 1, 465.899994, 'C', 'Almost there...');
INSERT INTO public.events VALUES (979, '2015-01-29 11:28:22.975273', 1176, 29427, 975, 1, 567.700012, 'A', '');
INSERT INTO public.events VALUES (980, '2015-02-12 20:50:01.97897', 1180, 29419, 677, 3, 570.299988, 'E', 'Who ya gonna call?');
INSERT INTO public.events VALUES (981, '2015-02-05 01:27:08.190136', 1193, 29374, 257, 2, 446.299988, 'E', 'Almost there...');
INSERT INTO public.events VALUES (982, '2015-02-21 22:04:54.777775', 1204, 29374, 874, 2, 569.700012, 'D', 'What were you thinking?');
INSERT INTO public.events VALUES (983, '2015-02-18 00:48:16.990871', 1174, 29405, 665, 3, 555, 'B', 'Who ya gonna call?');
INSERT INTO public.events VALUES (984, '2015-01-26 21:28:55.392666', 1235, 29360, 967, 3, 474.799988, 'C', 'Who ya gonna call?');
INSERT INTO public.events VALUES (985, '2015-03-19 19:12:55.438213', 1166, 29416, 689, 3, 506.100006, 'B', '');
INSERT INTO public.events VALUES (986, '2015-03-02 20:42:48.867016', 1155, 29353, 908, 1, 482.700012, 'C', '');
INSERT INTO public.events VALUES (987, '2015-02-05 03:46:27.958431', 1228, 29353, 512, 3, 519.599976, 'E', 'Good work');
INSERT INTO public.events VALUES (988, '2015-02-19 07:02:28.210716', 1157, 29431, 78, 3, 521.599976, 'D', 'Almost there...');
INSERT INTO public.events VALUES (989, '2015-03-22 20:18:36.323376', 1231, 29397, 61, 3, 461.100006, 'B', 'Almost there...');
INSERT INTO public.events VALUES (990, '2015-02-24 02:31:15.317287', 1216, 29397, 282, 2, 465.399994, 'E', 'What were you thinking?');
INSERT INTO public.events VALUES (991, '2015-03-20 05:59:49.581013', 1247, 29390, 945, 3, 542.099976, 'E', 'Good work');
INSERT INTO public.events VALUES (992, '2015-02-19 04:12:02.085857', 1159, 29400, 486, 2, 436.100006, 'A', '');
INSERT INTO public.events VALUES (993, '2015-02-01 14:30:01.494312', 1154, 29379, 96, 1, 404.700012, 'E', 'Who ya gonna call?');
INSERT INTO public.events VALUES (994, '2015-03-13 07:08:57.883759', 1154, 29430, 328, 1, 528.099976, 'D', '');
INSERT INTO public.events VALUES (995, '2015-03-08 19:30:18.963432', 1212, 29383, 266, 3, 535.5, 'A', 'What were you thinking?');
INSERT INTO public.events VALUES (996, '2015-03-06 05:14:55.117092', 1229, 29413, 138, 3, 509.100006, 'D', 'What were you thinking?');
INSERT INTO public.events VALUES (997, '2015-03-22 13:02:19.839649', 1167, 29412, 511, 3, 452.799988, 'A', 'What were you thinking?');
INSERT INTO public.events VALUES (998, '2015-03-12 12:15:42.29908', 1231, 29383, 116, 3, 489, 'A', 'Almost there...');
INSERT INTO public.events VALUES (999, '2015-02-05 03:41:35.362473', 1219, 29400, 142, 1, 524.799988, 'A', 'What were you thinking?');
INSERT INTO public.events VALUES (1000, '2015-03-18 08:09:42.367229', 1223, 29378, 252, 1, 433.899994, 'B', 'Almost there...');

-- Because we set event IDs manually, the events_id_seq sequence is still at 1.
-- It must be advanced to 1000 so future queries can insert events 1001, 1002,
-- etc.
SELECT setval('events_id_seq', 1000);
